GeoUID,CD_Name,Province,Province_Name,Labour_Force,Top_Score,Top_Score_Normalized,Top_Metrics,IS,IS_score,MS,MS_score,FS,FS_score
1001,Division No.  1,10,Newfoundland and Labrador,138105,2,0.18,MS,1,0.18,2,0.027,1,0.00639608287542523
1002,Division No.  2,10,Newfoundland and Labrador,8355,4,0.38,IS,4,0.38,2,0.039,0,0.0
1003,Division No.  3,10,Newfoundland and Labrador,5865,5,0.83,IS,5,0.83,1,0.014,0,0.0
1004,Division No.  4,10,Newfoundland and Labrador,7370,1,0.22,IS+MS,1,0.22,1,0.013,0,0.0
1005,Division No.  5,10,Newfoundland and Labrador,18535,1,0.18,IS+MS+FS,1,0.18,1,0.012,1,0.0014375717705915952
1006,Division No.  6,10,Newfoundland and Labrador,16885,1,0.12,IS+MS,1,0.12,1,0.021,0,0.0
1007,Division No.  7,10,Newfoundland and Labrador,14075,3,0.35,IS,3,0.35,2,0.028,0,0.0
1008,Division No.  8,10,Newfoundland and Labrador,13525,2,0.3,IS+MS,2,0.3,2,0.049,0,0.0
1009,Division No.  9,10,Newfoundland and Labrador,6360,2,0.24,IS,2,0.24,1,0.02,0,0.0
1010,Division No. 10,10,Newfoundland and Labrador,13320,3,0.21,FS,1,0.21,1,0.02,3,0.06887266899808278
1011,Division No. 11,10,Newfoundland and Labrador,935,1,0.14,IS+MS,1,0.14,1,0.011,0,0.0
1101,Kings,11,Prince Edward Island,9430,2,0.31,IS,2,0.31,1,0.005,0,0.0
1102,Queens,11,Prince Edward Island,49295,1,0.18,IS+MS+FS,1,0.18,1,0.016,1,3.890729863376826e-05
1103,Prince,11,Prince Edward Island,24775,3,0.33,IS,3,0.33,2,0.028,1,0.00291050560676545
1201,Shelburne,12,Nova Scotia,6695,3,0.38,IS,3,0.38,2,0.044,0,0.0
1202,Yarmouth,12,Nova Scotia,12055,1,0.2,IS+MS,1,0.2,1,0.017,0,0.0
1203,Digby,12,Nova Scotia,7580,2,0.31,IS+MS,2,0.31,2,0.03,0,0.0
1204,Queens,12,Nova Scotia,4185,1,0.23,IS+MS,1,0.23,1,0.01,0,0.0
1205,Annapolis,12,Nova Scotia,9345,1,0.23,IS+MS,1,0.23,1,0.012,0,0.0
1206,Lunenburg,12,Nova Scotia,22230,1,0.2,IS+MS+FS,1,0.2,1,0.018,1,0.0005065924818609795
1207,Kings,12,Nova Scotia,30310,1,0.18,IS+MS+FS,1,0.18,1,0.005,1,0.001143413917416963
1208,Hants,12,Nova Scotia,22595,1,0.21,IS+MS+FS,1,0.21,1,0.022,1,0.002368533940110812
1209,Halifax,12,Nova Scotia,242765,1,0.11,IS+MS+FS,1,0.11,1,0.015,1,0.0034157456709259194
1210,Colchester,12,Nova Scotia,25115,1,0.19,IS+MS+FS,1,0.19,1,0.008,1,0.005832337906309162
1211,Cumberland,12,Nova Scotia,13010,2,0.27,IS,2,0.27,1,0.021,0,0.0
1212,Pictou,12,Nova Scotia,19980,2,0.19,FS,1,0.19,1,0.011,2,0.04235529456453171
1213,Guysborough,12,Nova Scotia,3095,2,0.27,IS,2,0.27,1,0.018,0,0.0
1214,Antigonish,12,Nova Scotia,10165,1,0.14,IS+MS,1,0.14,1,0.008,0,0.0
1215,Inverness,12,Nova Scotia,8020,1,0.19,IS+MS,1,0.19,1,0.018,0,0.0
1216,Richmond,12,Nova Scotia,3695,4,0.27,FS,2,0.27,1,0.018,4,0.16499445211101957
1217,Cape Breton,12,Nova Scotia,43095,3,0.17,FS,1,0.17,1,0.012,3,0.06176882967837845
1218,Victoria,12,Nova Scotia,3330,1,0.18,IS+MS,1,0.18,1,0.014,0,0.0
1301,Saint John,13,New Brunswick,38590,3,0.25,FS,2,0.25,1,0.018,3,0.07750514573341492
1302,Charlotte,13,New Brunswick,12720,5,0.72,IS,5,0.72,1,0.006,1,0.005738843667692217
1303,Sunbury,13,New Brunswick,14800,1,0.1,IS+MS+FS,1,0.1,1,0.004,1,0.000998959677195481
1304,Queens,13,New Brunswick,4670,1,0.23,IS+MS+FS,1,0.23,1,0.009,1,0.0037016108224697504
1305,Kings,13,New Brunswick,36355,2,0.29,IS,2,0.29,1,0.024,1,0.0013259576248549315
1306,Albert,13,New Brunswick,16005,1,0.15,IS+MS,1,0.15,1,0.013,0,0.0
1307,Westmorland,13,New Brunswick,86715,1,0.17,IS+MS+FS,1,0.17,1,0.01,1,0.0010167659914882112
1308,Kent,13,New Brunswick,15415,3,0.33,IS,3,0.33,1,0.008,0,0.0
1309,Northumberland,13,New Brunswick,20840,1,0.23,IS+MS,1,0.23,1,0.017,0,0.0
1310,York,13,New Brunswick,56225,1,0.11,IS+MS+FS,1,0.11,1,0.004,1,0.002829413458661005
1311,Carleton,13,New Brunswick,13540,5,0.46,IS,5,0.46,1,0.018,1,0.0011620808611554725
1312,Victoria,13,New Brunswick,8345,2,0.29,IS,2,0.29,1,0.01,0,0.0
1313,Madawaska,13,New Brunswick,15425,2,0.29,IS,2,0.29,1,0.003,1,0.004620762292415701
1314,Restigouche,13,New Brunswick,13780,4,0.22,FS,1,0.22,1,0.002,4,0.09939632096863922
1315,Gloucester,13,New Brunswick,36045,2,0.25,IS,2,0.25,1,0.011,1,0.001129041561301649
2401,Communauté maritime des Îles-de-la-Madeleine,24,Quebec,6715,2,0.32,IS,2,0.32,1,0.005,1,0.013555176784357288
2402,Le Rocher-Percé,24,Quebec,7770,4,0.36,FS,3,0.36,1,0.006,4,0.14238032790954566
2403,La Côte-de-Gaspé,24,Quebec,8410,1,0.17,IS+MS,1,0.17,1,0.007,0,0.0
2404,La Haute-Gaspésie,24,Quebec,4380,1,0.17,IS+MS,1,0.17,1,0.006,0,0.0
2405,Bonaventure,24,Quebec,7930,1,0.22,IS+MS+FS,1,0.22,1,0.004,1,0.0015692978771380266
2406,Avignon,24,Quebec,6080,1,0.2,IS+MS,1,0.2,1,0.003,0,0.0
2407,La Matapédia,24,Quebec,7730,2,0.33,IS,2,0.33,1,0.003,1,0.0012089649341551357
2408,La Matanie,24,Quebec,9470,2,0.29,IS,2,0.29,1,0.013,0,0.0
2409,La Mitis,24,Quebec,7920,2,0.3,IS,2,0.3,1,0.004,0,0.0
2410,Rimouski-Neigette,24,Quebec,27935,1,0.13,IS+MS+FS,1,0.13,1,0.004,1,0.0009739524000716126
2411,Les Basques,24,Quebec,3905,2,0.32,IS,2,0.32,1,0.013,0,0.0
2412,Rivière-du-Loup,24,Quebec,17670,3,0.33,IS,3,0.33,1,0.006,0,0.0
2413,Témiscouata,24,Quebec,8610,3,0.38,IS,3,0.38,1,0.003,1,0.0012762784515214184
2414,Kamouraska,24,Quebec,10180,2,0.28,IS+MS,2,0.28,2,0.028,0,0.0
2415,Charlevoix-Est,24,Quebec,7120,1,0.2,IS+MS,1,0.2,1,0.02,0,0.0
2416,Charlevoix,24,Quebec,6220,1,0.23,IS+MS,1,0.23,1,0.017,0,0.0
2417,L'Islet,24,Quebec,8560,4,0.4,IS,4,0.4,1,0.011,0,0.0
2418,Montmagny,24,Quebec,10795,2,0.3,IS,2,0.3,1,0.01,0,0.0
2419,Bellechasse,24,Quebec,19910,3,0.35,IS,3,0.35,2,0.025,1,0.0009466861651890679
2420,L'Île-d'Orléans,24,Quebec,3530,1,0.1,IS,1,0.1,0,0.0,0,0.0
2421,La Côte-de-Beaupré,24,Quebec,15825,1,0.14,IS+MS+FS,1,0.14,1,0.005,1,0.000970874054603709
2422,La Jacques-Cartier,24,Quebec,27125,1,0.11,IS+MS+FS,1,0.11,1,0.006,1,0.0014973637289859977
2423,Québec,24,Quebec,314235,1,0.11,IS+MS+FS,1,0.11,1,0.007,1,0.00033010119379848005
2425,Lévis,24,Quebec,82795,1,0.18,IS+MS+FS,1,0.18,1,0.02,1,0.011716725996730579
2426,La Nouvelle-Beauce,24,Quebec,21205,2,0.3,IS,2,0.3,1,0.013,1,0.00036389762968371653
2427,Robert-Cliche,24,Quebec,10180,2,0.3,IS+MS,2,0.3,2,0.028,1,0.000810695040566403
2428,Les Etchemins,24,Quebec,7925,2,0.33,IS,2,0.33,1,0.016,0,0.0
2429,Beauce-Sartigan,24,Quebec,27870,2,0.27,IS+MS,2,0.27,2,0.029,1,0.0017834638806135765
2430,Le Granit,24,Quebec,10515,3,0.37,IS,3,0.37,1,0.009,1,0.0007077214277103266
2431,Les Appalaches,24,Quebec,19990,2,0.29,IS,2,0.29,1,0.012,1,0.0006485644364296273
2432,L'Érable,24,Quebec,12380,4,0.39,IS,4,0.39,1,0.021,1,0.0007926373851244985
2433,Lotbinière,24,Quebec,18850,3,0.35,IS,3,0.35,1,0.014,1,0.0007291896969504673
2434,Portneuf,24,Quebec,27940,2,0.29,IS+FS,2,0.29,1,0.008,2,0.03642853953848201
2435,Mékinac,24,Quebec,5590,1,0.23,IS+MS,1,0.23,1,0.01,0,0.0
2436,Shawinigan,24,Quebec,21555,1,0.21,IS+MS,1,0.21,1,0.022,0,0.0
2437,Francheville,24,Quebec,76415,1,0.2,IS+MS+FS,1,0.2,1,0.01,1,0.002166436202525484
2438,Bécancour,24,Quebec,10345,3,0.33,IS+FS,3,0.33,1,0.019,3,0.07809071147189676
2439,Arthabaska,24,Quebec,37320,2,0.29,IS,2,0.29,1,0.016,1,0.003512377394104692
2440,Les Sources,24,Quebec,6355,4,0.38,IS,4,0.38,2,0.032,0,0.0
2441,Le Haut-Saint-François,24,Quebec,11360,2,0.29,IS,2,0.29,1,0.011,1,0.014776686987883897
2442,Le Val-Saint-François,24,Quebec,16015,3,0.27,MS,2,0.27,3,0.068,1,0.006735973923705938
2443,Sherbrooke,24,Quebec,89170,2,0.16,MS,1,0.16,2,0.025,1,0.0010098793996300343
2444,Coaticook,24,Quebec,9840,2,0.3,IS,2,0.3,1,0.008,1,0.0022406028514731185
2445,Memphrémagog,24,Quebec,26155,2,0.19,MS,1,0.19,2,0.028,1,0.001448843215005798
2446,Brome-Missisquoi,24,Quebec,32190,2,0.23,MS,1,0.23,2,0.03,1,0.010661941349309395
2447,La Haute-Yamaska,24,Quebec,46395,2,0.25,IS+MS,2,0.25,2,0.031,1,0.00036288837435715656
2448,Acton,24,Quebec,8070,3,0.36,IS,3,0.36,2,0.044,0,0.0
2449,Drummond,24,Quebec,55200,2,0.32,IS+MS,2,0.32,2,0.038,1,0.002267446553092501
2450,Nicolet-Yamaska,24,Quebec,11910,2,0.3,IS,2,0.3,1,0.023,1,0.0043520443655257444
2451,Maskinongé,24,Quebec,17690,2,0.29,IS,2,0.29,1,0.013,1,0.004564756792324337
2452,D'Autray,24,Quebec,22075,2,0.27,IS,2,0.27,1,0.014,1,0.0005432400445900986
2453,Pierre-De Saurel,24,Quebec,24025,5,0.58,IS,5,0.58,1,0.016,2,0.03130493854037752
2454,Les Maskoutains,24,Quebec,46990,2,0.31,IS,2,0.31,1,0.014,1,0.0003630681260768446
2455,Rouville,24,Quebec,20850,2,0.3,IS,2,0.3,1,0.02,1,0.0011706591423582455
2456,Le Haut-Richelieu,24,Quebec,63510,1,0.19,IS+MS+FS,1,0.19,1,0.017,1,0.0005619497863571051
2457,La Vallée-du-Richelieu,24,Quebec,73640,1,0.18,IS+MS,1,0.18,1,0.024,0,0.0
2458,Longueuil,24,Quebec,228535,1,0.14,IS+MS+FS,1,0.14,1,0.02,1,0.00013203892122744666
2459,Marguerite-D'Youville,24,Quebec,45380,2,0.24,IS+MS,2,0.24,2,0.034,1,0.022885282394134163
2460,L'Assomption,24,Quebec,67140,1,0.18,IS+MS,1,0.18,1,0.018,0,0.0
2461,Joliette,24,Quebec,33105,1,0.21,IS+MS+FS,1,0.21,1,0.011,1,0.008704122969474285
2462,Matawinie,24,Quebec,24885,1,0.22,IS+MS,1,0.22,1,0.01,0,0.0
2463,Montcalm,24,Quebec,30500,2,0.24,IS,2,0.24,1,0.016,0,0.0
2464,Les Moulins,24,Quebec,94270,1,0.17,IS+MS+FS,1,0.17,1,0.022,1,0.00045284516138231946
2465,Laval,24,Quebec,232550,1,0.15,IS+MS+FS,1,0.15,1,0.022,1,2.5601002501019517e-07
2466,Montréal,24,Quebec,1081640,1,0.13,IS+MS+FS,1,0.13,1,0.016,1,0.0011212196379843163
2467,Roussillon,24,Quebec,100835,1,0.19,IS+MS+FS,1,0.19,1,0.022,1,0.0063623798170567136
2468,Les Jardins-de-Napierville,24,Quebec,16030,2,0.28,IS,2,0.28,1,0.023,0,0.0
2469,Le Haut-Saint-Laurent,24,Quebec,10910,2,0.29,IS,2,0.29,1,0.013,0,0.0
2470,Beauharnois-Salaberry,24,Quebec,34010,2,0.26,IS+MS,2,0.26,2,0.025,1,0.004060248185378181
2471,Vaudreuil-Soulanges,24,Quebec,89920,2,0.22,MS,1,0.22,2,0.031,1,0.0005596814908467564
2472,Deux-Montagnes,24,Quebec,54980,2,0.19,MS,1,0.19,2,0.037,1,4.79337919168025e-06
2473,Thérèse-De Blainville,24,Quebec,89990,2,0.17,MS,1,0.17,2,0.033,0,0.0
2474,Mirabel,24,Quebec,35560,2,0.19,MS,1,0.19,2,0.045,1,0.00019683435822615166
2475,La Rivière-du-Nord,24,Quebec,73040,2,0.18,MS,1,0.18,2,0.035,1,0.001475183456180859
2476,Argenteuil,24,Quebec,16255,3,0.29,MS,2,0.29,3,0.05,1,0.007600935308114776
2477,Les Pays-d'en-Haut,24,Quebec,23190,1,0.14,IS+MS,1,0.14,1,0.024,0,0.0
2478,Les Laurentides,24,Quebec,24750,1,0.12,IS+MS,1,0.12,1,0.007,0,0.0
2479,Antoine-Labelle,24,Quebec,15975,1,0.21,IS+MS,1,0.21,1,0.007,0,0.0
2480,Papineau,24,Quebec,11050,1,0.19,IS+MS+FS,1,0.19,1,0.005,1,0.0057576911412963875
2481,Gatineau,24,Quebec,155310,1,0.07,IS+MS+FS,1,0.07,1,0.003,1,0.000539427907469962
2482,Les Collines-de-l'Outaouais,24,Quebec,30255,1,0.12,IS+MS,1,0.12,1,0.004,0,0.0
2483,La Vallée-de-la-Gatineau,24,Quebec,9135,1,0.19,IS+MS,1,0.19,1,0.007,0,0.0
2484,Pontiac,24,Quebec,6295,1,0.17,IS+MS,1,0.17,1,0.016,0,0.0
2485,Témiscamingue,24,Quebec,7550,2,0.31,IS+MS,2,0.31,2,0.036,1,0.018579873094896827
2486,Rouyn-Noranda,24,Quebec,22195,2,0.27,IS+MS,2,0.27,2,0.038,1,0.0051609076504724695
2487,Abitibi-Ouest,24,Quebec,9700,2,0.26,IS+MS,2,0.26,2,0.046,0,0.0
2488,Abitibi,24,Quebec,12960,2,0.22,MS,1,0.22,2,0.034,1,0.0015162220966337852
2489,La Vallée-de-l'Or,24,Quebec,22365,3,0.2,MS,1,0.2,3,0.049,1,0.007663561274141663
2490,La Tuque,24,Quebec,6220,2,0.32,IS+FS,2,0.32,0,0.0,2,0.026350658993343292
2491,Le Domaine-du-Roy,24,Quebec,14505,2,0.27,IS,2,0.27,1,0.004,1,0.004673018685210715
2492,Maria-Chapdelaine,24,Quebec,11495,2,0.32,IS,2,0.32,1,0.004,1,0.0007105787797219905
2493,Lac-Saint-Jean-Est,24,Quebec,25475,2,0.3,IS+FS,2,0.3,1,0.006,2,0.027482483982789196
2494,Le Saguenay-et-son-Fjord,24,Quebec,82975,2,0.25,IS,2,0.25,1,0.005,1,0.021675708949828395
2495,La Haute-Côte-Nord,24,Quebec,4675,2,0.26,IS,2,0.26,1,0.003,0,0.0
2496,Manicouagan,24,Quebec,14520,2,0.28,IS+FS,2,0.28,1,0.001,2,0.02911072252662752
2497,Sept-Rivières--Caniapiscau,24,Quebec,19270,4,0.32,FS,2,0.32,1,0.002,4,0.09365745317842185
2498,Minganie--Le Golfe-du-Saint-Laurent,24,Quebec,5090,2,0.26,IS,2,0.26,1,0.002,1,0.004895813549377262
2499,Nord-du-Québec,24,Quebec,20615,1,0.2,IS+MS+FS,1,0.2,1,0.016,1,0.018899049897384917
3501,"Stormont, Dundas and Glengarry",35,Ontario,54320,1,0.22,IS+MS+FS,1,0.22,1,0.01,1,0.0026868462224232605
3502,Prescott and Russell,35,Ontario,49990,1,0.18,IS+MS+FS,1,0.18,1,0.01,1,0.0019024019362450606
3506,Ottawa,35,Ontario,549985,1,0.06,IS+MS+FS,1,0.06,1,0.005,1,0.00018520574481049098
3507,Leeds and Grenville,35,Ontario,50640,1,0.18,IS+MS+FS,1,0.18,1,0.02,1,0.004058469343684646
3509,Lanark,35,Ontario,37155,1,0.14,IS+MS+FS,1,0.14,1,0.009,1,0.00019588424199351505
3510,Frontenac,35,Ontario,81370,1,0.1,IS+MS+FS,1,0.1,1,0.011,1,0.0012899030093569913
3511,Lennox and Addington,35,Ontario,20850,2,0.22,FS,1,0.22,1,0.016,2,0.044670175339826555
3512,Hastings,35,Ontario,67035,1,0.21,IS+MS+FS,1,0.21,1,0.022,1,0.0009595395803657195
3513,Prince Edward,35,Ontario,11345,2,0.21,FS,1,0.21,1,0.019,2,0.03812549226243743
3514,Northumberland,35,Ontario,41445,2,0.23,MS,1,0.23,2,0.03,1,0.0004018252425378865
3515,Peterborough,35,Ontario,70270,1,0.14,IS+MS+FS,1,0.14,1,0.009,1,0.00041724187054853083
3516,Kawartha Lakes,35,Ontario,36495,1,0.19,IS+MS,1,0.19,1,0.014,0,0.0
3518,Durham,35,Ontario,367510,1,0.14,IS+MS+FS,1,0.14,1,0.018,1,0.0032351737853827103
3519,York,35,Ontario,622425,1,0.12,IS+MS+FS,1,0.12,1,0.023,1,0.0007523815595200839
3520,Toronto,35,Ontario,1518420,1,0.11,IS+MS+FS,1,0.11,1,0.014,1,0.0005999793363336955
3521,Peel,35,Ontario,784810,2,0.21,MS,1,0.21,2,0.025,1,0.0016286828651887197
3522,Dufferin,35,Ontario,36910,2,0.21,MS,1,0.21,2,0.042,0,0.0
3523,Wellington,35,Ontario,132295,3,0.22,MS,1,0.22,3,0.067,1,0.0008831629968556871
3524,Halton,35,Ontario,320180,2,0.15,MS,1,0.15,2,0.026,1,0.0020141670423004234
3525,Hamilton,35,Ontario,290985,2,0.25,IS+MS,2,0.25,2,0.027,1,0.012586554684198501
3526,Niagara,35,Ontario,233560,1,0.22,IS+MS+FS,1,0.22,1,0.022,1,0.0018596902819508826
3528,Haldimand-Norfolk,35,Ontario,56345,4,0.43,IS,4,0.43,2,0.048,3,0.0689640280041507
3529,Brant,35,Ontario,73510,2,0.28,IS+MS,2,0.28,2,0.04,1,0.0016207551140191032
3530,Waterloo,35,Ontario,317985,2,0.2,MS,1,0.2,2,0.048,1,0.0003802355825260085
3531,Perth,35,Ontario,43535,3,0.25,MS,2,0.25,3,0.065,1,0.010171924154812374
3532,Oxford,35,Ontario,62975,4,0.3,MS,2,0.3,4,0.096,1,0.009434078362061867
3534,Elgin,35,Ontario,46985,3,0.24,MS,2,0.24,3,0.077,1,0.003947232598744729
3536,Chatham-Kent,35,Ontario,49020,2,0.25,IS+MS,2,0.25,2,0.045,1,0.01008074567861011
3537,Essex,35,Ontario,203695,4,0.23,MS,1,0.23,4,0.09,1,0.004222325097442843
3538,Lambton,35,Ontario,59650,3,0.33,MS+FS,2,0.33,3,0.071,3,0.07825693278941188
3539,Middlesex,35,Ontario,256120,2,0.17,MS,1,0.17,2,0.036,1,0.0007277151103322474
3540,Huron,35,Ontario,30370,2,0.26,IS,2,0.26,1,0.02,1,0.0007871226646161482
3541,Bruce,35,Ontario,34650,1,0.2,IS+MS+FS,1,0.2,1,0.007,1,0.0006939863731466338
3542,Grey,35,Ontario,48140,1,0.22,IS+MS,1,0.22,1,0.015,0,0.0
3543,Simcoe,35,Ontario,275620,2,0.17,MS,1,0.17,2,0.041,1,0.0002154118151778033
3544,Muskoka,35,Ontario,32590,1,0.15,IS+MS+FS,1,0.15,1,0.011,1,0.0008544960992223266
3546,Haliburton,35,Ontario,8580,1,0.13,IS+MS,1,0.13,1,0.005,0,0.0
3547,Renfrew,35,Ontario,49955,1,0.13,IS+MS+FS,1,0.13,1,0.016,1,0.0011802497914714695
3548,Nipissing,35,Ontario,39410,1,0.14,IS+MS+FS,1,0.14,1,0.021,1,0.00023752205484540114
3549,Parry Sound,35,Ontario,20715,1,0.18,IS+MS,1,0.18,1,0.02,0,0.0
3551,Manitoulin,35,Ontario,5835,2,0.24,IS,2,0.24,1,0.01,0,0.0
3552,Sudbury,35,Ontario,9855,2,0.26,IS,2,0.26,1,0.023,1,0.01780542720632153
3553,Greater Sudbury / Grand Sudbury,35,Ontario,84055,2,0.16,MS,1,0.16,2,0.027,1,0.003945455313343139
3554,Timiskaming,35,Ontario,14430,2,0.23,MS,1,0.23,2,0.029,1,0.010051987737897948
3556,Cochrane,35,Ontario,37475,1,0.2,IS+MS+FS,1,0.2,1,0.023,1,0.008935517902930842
3557,Algoma,35,Ontario,50335,4,0.39,IS,4,0.39,1,0.009,3,0.06560531109527022
3558,Thunder Bay,35,Ontario,70925,1,0.16,IS+MS+FS,1,0.16,1,0.014,1,0.00506057428690168
3559,Rainy River,35,Ontario,9180,1,0.19,IS+MS+FS,1,0.19,1,0.008,1,0.01453306971563453
3560,Kenora,35,Ontario,29245,1,0.19,IS+MS+FS,1,0.19,1,0.008,1,0.02274075267375333
4601,Division No.  1,46,Manitoba,8260,1,0.23,IS+MS,1,0.23,1,0.012,0,0.0
4602,Division No.  2,46,Manitoba,42670,2,0.29,IS,2,0.29,1,0.015,1,0.0002390215421347466
4603,Division No.  3,46,Manitoba,27665,2,0.27,IS+MS,2,0.27,2,0.035,1,0.0015311920688561137
4604,Division No.  4,46,Manitoba,4535,1,0.18,IS+MS,1,0.18,1,0.018,0,0.0
4605,Division No.  5,46,Manitoba,6475,1,0.22,IS+MS+FS,1,0.22,1,0.019,1,0.012401417416233608
4606,Division No.  6,46,Manitoba,4745,3,0.25,MS,2,0.25,3,0.08,2,0.024541178580279287
4607,Division No.  7,46,Manitoba,37340,2,0.25,IS,2,0.25,1,0.017,1,0.014029677748159162
4608,Division No.  8,46,Manitoba,5375,2,0.29,IS,2,0.29,1,0.004,0,0.0
4609,Division No.  9,46,Manitoba,11205,2,0.28,IS,2,0.28,1,0.004,1,0.007726466594572738
4610,Division No. 10,46,Manitoba,6610,1,0.15,IS+MS,1,0.15,1,0.011,0,0.0
4611,Division No. 11,46,Manitoba,404420,1,0.16,IS+MS+FS,1,0.16,1,0.018,1,0.0018111534269052568
4612,Division No. 12,46,Manitoba,13200,1,0.21,IS+MS+FS,1,0.21,1,0.018,1,9.23137911763966e-05
4613,Division No. 13,46,Manitoba,26770,1,0.22,IS+MS+FS,1,0.22,1,0.015,1,0.002293397721281224
4614,Division No. 14,46,Manitoba,9695,2,0.24,IS,2,0.24,1,0.021,1,0.00029421465783063756
4615,Division No. 15,46,Manitoba,11360,4,0.45,IS,4,0.45,1,0.012,1,0.004671404032317414
4616,Division No. 16,46,Manitoba,4710,1,0.23,IS+MS+FS,1,0.23,1,0.013,1,0.004933650897298602
4617,Division No. 17,46,Manitoba,9825,1,0.1,IS+MS,1,0.1,1,0.01,0,0.0
4618,Division No. 18,46,Manitoba,11355,1,0.19,IS+MS+FS,1,0.19,1,0.008,1,0.009740964348911548
4619,Division No. 19,46,Manitoba,4195,1,0.16,IS+MS,1,0.16,1,0.006,0,0.0
4620,Division No. 20,46,Manitoba,4620,1,0.22,IS+MS,1,0.22,1,0.008,0,0.0
4621,Division No. 21,46,Manitoba,9625,1,0.19,IS+MS+FS,1,0.19,1,0.009,1,0.010459102816758081
4622,Division No. 22,46,Manitoba,15045,1,0.14,IS+MS+FS,1,0.14,1,0.007,1,0.0009112276095061967
4623,Division No. 23,46,Manitoba,1800,3,0.35,IS,3,0.35,0,0.0,0,0.0
4701,Division No.  1,47,Saskatchewan,16495,5,0.3206243609840955,MS+FS,2,0.31,5,0.131,5,0.3206243609840955
4702,Division No.  2,47,Saskatchewan,11970,3,0.25,MS,2,0.25,3,0.081,1,0.013317749663320553
4703,Division No.  3,47,Saskatchewan,6265,5,0.47527560111435946,FS,1,0.18,2,0.028,5,0.47527560111435946
4704,Division No.  4,47,Saskatchewan,5420,2,0.16,MS,1,0.16,2,0.043,1,0.01683021265348224
4705,Division No.  5,47,Saskatchewan,15935,1,0.21,IS+MS+FS,1,0.21,1,0.019,1,0.015012648860054083
4706,Division No.  6,47,Saskatchewan,147330,1,0.16,IS+MS+FS,1,0.16,1,0.014,1,0.01695672051313591
4707,Division No.  7,47,Saskatchewan,23540,1,0.2,IS+MS+FS,1,0.2,1,0.016,1,0.004875461141461938
4708,Division No.  8,47,Saskatchewan,16270,3,0.18,FS,1,0.18,2,0.042,3,0.04743313902315095
4709,Division No.  9,47,Saskatchewan,17465,1,0.22,IS+MS+FS,1,0.22,1,0.009,1,0.0044497600460444535
4710,Division No. 10,47,Saskatchewan,7595,1,0.22,IS+MS+FS,1,0.22,1,0.013,1,0.0012053317706087145
4711,Division No. 11,47,Saskatchewan,176255,1,0.16,IS+MS+FS,1,0.16,1,0.015,1,0.009310051231769085
4712,Division No. 12,47,Saskatchewan,11175,1,0.21,IS+MS+FS,1,0.21,1,0.016,1,0.009732751796315933
4713,Division No. 13,47,Saskatchewan,11510,4,0.25,MS,2,0.25,4,0.099,2,0.04118257489163782
4714,Division No. 14,47,Saskatchewan,17155,1,0.19,IS+MS+FS,1,0.19,1,0.013,1,0.001439957566143818
4715,Division No. 15,47,Saskatchewan,41495,1,0.15,IS+MS+FS,1,0.15,1,0.013,1,0.0005417211036514363
4716,Division No. 16,47,Saskatchewan,17525,2,0.17,FS,1,0.17,1,0.015,2,0.04113731014040729
4717,Division No. 17,47,Saskatchewan,22955,4,0.26,MS+FS,2,0.26,4,0.089,4,0.19321197978291166
4718,Division No. 18,47,Saskatchewan,11140,1,0.15,IS+MS+FS,1,0.15,1,0.02,1,0.006696505581825871
4801,Division No.  1,48,Alberta,41035,3,0.2,MS+FS,1,0.2,3,0.058,3,0.04717441326869611
4802,Division No.  2,48,Alberta,89190,2,0.3,IS+MS,2,0.3,2,0.031,1,0.003589859723041896
4803,Division No.  3,48,Alberta,16840,2,0.2,MS,1,0.2,2,0.028,1,0.016987073653092058
4804,Division No.  4,48,Alberta,4600,5,0.3900094764561917,FS,2,0.24,4,0.085,5,0.3900094764561917
4805,Division No.  5,48,Alberta,26410,2,0.23,MS+FS,1,0.23,2,0.046,2,0.03977314010127219
4806,Division No.  6,48,Alberta,882705,2,0.21,MS,1,0.21,2,0.049,1,0.004509004189674092
4807,Division No.  7,48,Alberta,21185,4,0.23,MS,1,0.23,4,0.084,3,0.0544731415816949
4808,Division No.  8,48,Alberta,111455,3,0.23,MS,1,0.23,3,0.08,2,0.03090932601528547
4809,Division No.  9,48,Alberta,10495,5,0.29,MS,2,0.29,5,0.118,4,0.12389095007868708
4810,Division No. 10,48,Alberta,48900,3,0.25,MS,2,0.25,3,0.079,1,0.0035551723100179463
4811,Division No. 11,48,Alberta,793295,2,0.19,MS,1,0.19,2,0.036,1,0.019734766221702695
4812,Division No. 12,48,Alberta,33905,5,0.4370746893879584,MS+FS,2,0.26,5,0.124,5,0.4370746893879584
4813,Division No. 13,48,Alberta,34595,3,0.31,MS,2,0.31,3,0.072,1,0.011308243715396455
4814,Division No. 14,48,Alberta,15310,5,0.37,MS,3,0.37,5,0.125,4,0.1428998049324222
4815,Division No. 15,48,Alberta,21170,3,0.12,FS,1,0.12,2,0.034,3,0.051000693191886104
4816,Division No. 16,48,Alberta,43380,5,1.0,IS+MS+FS,5,0.59,5,0.294,5,1.0
4817,Division No. 17,48,Alberta,27135,3,0.31,MS+FS,2,0.31,3,0.057,3,0.04587231048677952
4818,Division No. 18,48,Alberta,6775,5,0.7043757891008089,MS+FS,3,0.33,5,0.125,5,0.7043757891008089
4819,Division No. 19,48,Alberta,66985,4,0.25,MS,2,0.25,4,0.104,2,0.03362804354045757
5901,East Kootenay,59,British Columbia,34120,4,0.23,MS,1,0.23,4,0.1,3,0.05744669101887457
5903,Central Kootenay,59,British Columbia,30245,2,0.27,IS,2,0.27,1,0.015,1,0.00287293282847482
5905,Kootenay Boundary,59,British Columbia,15305,5,0.51,IS,5,0.51,1,0.017,1,0.021807688731961917
5907,Okanagan-Similkameen,59,British Columbia,40575,1,0.17,IS+MS+FS,1,0.17,1,0.012,1,0.0021149976411477516
5909,Fraser Valley,59,British Columbia,164045,2,0.25,IS,2,0.25,1,0.011,1,0.0003514659696242549
5915,Greater Vancouver,59,British Columbia,1468225,1,0.13,IS+MS+FS,1,0.13,1,0.009,1,0.0009615993327553913
5917,Capital,59,British Columbia,223285,1,0.11,IS+MS+FS,1,0.11,1,0.009,1,0.000285368694413264
5919,Cowichan Valley,59,British Columbia,41305,1,0.21,IS+MS+FS,1,0.21,1,0.011,1,0.0037732858480128786
5921,Nanaimo,59,British Columbia,78985,1,0.2,IS+MS+FS,1,0.2,1,0.007,1,0.001736443632068695
5923,Alberni-Clayoquot,59,British Columbia,15690,2,0.26,IS,2,0.26,1,0.009,1,0.00233453518627268
5924,Strathcona,59,British Columbia,22355,4,0.4,IS,4,0.4,1,0.015,1,0.009548397343199549
5926,Comox Valley,59,British Columbia,34115,1,0.23,IS+MS+FS,1,0.23,1,0.012,1,0.0006995866897119784
5927,Powell River,59,British Columbia,9275,2,0.31,IS,2,0.31,1,0.007,1,0.003751360807086777
5929,Sunshine Coast,59,British Columbia,15010,1,0.2,IS+MS+FS,1,0.2,1,0.006,1,0.006409972781037485
5931,Squamish-Lillooet,59,British Columbia,31135,1,0.12,IS+MS,1,0.12,1,0.007,0,0.0
5933,Thompson-Nicola,59,British Columbia,71385,1,0.16,IS+MS+FS,1,0.16,1,0.015,1,0.0029414952701272467
5935,Central Okanagan,59,British Columbia,119495,1,0.14,IS+MS,1,0.14,1,0.014,0,0.0
5937,North Okanagan,59,British Columbia,43430,1,0.2,IS+MS+FS,1,0.2,1,0.015,1,0.0015873742080832753
5939,Columbia-Shuswap,59,British Columbia,27930,1,0.21,IS+MS+FS,1,0.21,1,0.018,1,0.0004846549905993158
5941,Cariboo,59,British Columbia,28595,2,0.29,IS,2,0.29,1,0.01,1,0.00824024369819943
5943,Mount Waddington,59,British Columbia,5225,4,0.43,IS,4,0.43,1,0.006,0,0.0
5945,Central Coast,59,British Columbia,1590,1,0.15,IS,1,0.15,0,0.0,0,0.0
5947,Skeena-Queen Charlotte,59,British Columbia,9640,1,0.2,IS+MS+FS,1,0.2,1,0.004,1,0.003959952950960054
5949,Kitimat-Stikine,59,British Columbia,18835,2,0.3,IS+FS,2,0.3,1,0.015,2,0.02882757154823638
5951,Bulkley-Nechako,59,British Columbia,19055,2,0.31,IS,2,0.31,1,0.014,1,0.003929572575894862
5953,Fraser-Fort George,59,British Columbia,52075,2,0.23,FS,1,0.23,1,0.011,2,0.034146182152261104
5955,Peace River,59,British Columbia,33545,4,0.29,MS+FS,2,0.29,4,0.112,4,0.1179755941129911
5957,Stikine,59,British Columbia,355,2,0.11,MS,1,0.11,2,0.028,0,0.0
5959,Northern Rockies,59,British Columbia,2450,4,0.32,FS,2,0.32,3,0.069,4,0.2784760579171713
6001,Yukon,60,Yukon,23515,1,0.12,IS+MS+FS,1,0.12,1,0.013,1,0.003504063682532628
6101,Region 1,61,Northwest Territories,2895,1,0.12,IS+MS+FS,1,0.12,1,0.003,1,0.005017931109453097
6102,Region 2,61,Northwest Territories,1145,3,0.24,FS,2,0.24,1,0.022,3,0.045646863701138095
6103,Region 3,61,Northwest Territories,1030,1,0.18,IS+MS,1,0.18,1,0.01,0,0.0
6104,Region 4,61,Northwest Territories,1375,1,0.12,IS+MS,1,0.12,1,0.007,0,0.0
6105,Region 5,61,Northwest Territories,3400,1,0.22,IS+MS,1,0.22,1,0.01,0,0.0
6106,Region 6,61,Northwest Territories,12710,2,0.16,FS,1,0.16,1,0.012,2,0.029016568420225746
6204,Qikiqtaaluk,62,Nunavut,7935,1,0.16,IS+MS+FS,1,0.16,1,0.003,1,0.016470235323208862
6205,Kivalliq,62,Nunavut,4120,3,0.21,FS,1,0.21,1,0.017,3,0.0698861683327777
6208,Kitikmeot,62,Nunavut,2325,1,0.2,IS+MS+FS,1,0.2,1,0.004,1,0.015758795914041092
