GeoUID,Metric,Rank,NAICS,Share
1001,IS,1,311,1.8%
1001,IS,2,483,<1%
1001,IS,3,2111,1.1%
1001,MS,1,2111,1.1%
1001,MS,2,2131,1.0%
1001,FS,1,2211,49.3%
1001,FS,2,2111,37.0%
1002,IS,1,1125,2.1%
1002,IS,2,311,5.0%
1002,IS,3,483,<1%
1002,MS,1,2131,1.5%
1002,MS,2,336,1.5%
1003,IS,1,483,9.2%
1003,IS,2,1125,3.7%
1003,IS,3,311,4.5%
1003,MS,1,2131,<1%
1003,MS,2,336,<1%
1004,IS,1,483,1.2%
1004,IS,2,311,1.7%
1004,IS,3,1125,<1%
1004,MS,1,2131,<1%
1004,MS,2,2111,<1%
1005,IS,1,311,2.2%
1005,IS,2,322,1.6%
1005,IS,3,484,1.6%
1005,MS,1,2131,<1%
1005,MS,2,2111,<1%
1005,FS,1,3221,100.0%
1006,IS,1,484,1.4%
1006,IS,2,481,<1%
1006,IS,3,483,<1%
1006,MS,1,2131,1.1%
1006,MS,2,336,<1%
1007,IS,1,311,8.1%
1007,IS,2,3241,<1%
1007,IS,3,483,<1%
1007,MS,1,2131,<1%
1007,MS,2,3241,<1%
1008,IS,1,311,5.6%
1008,IS,2,483,<1%
1008,IS,3,484,1.4%
1008,MS,1,2131,3.9%
1008,MS,2,2111,<1%
1009,IS,1,311,5.7%
1009,IS,2,483,<1%
1009,IS,3,484,1.1%
1009,MS,1,2131,1.6%
1009,MS,2,2111,<1%
1010,IS,1,2122,17.9%
1010,IS,2,311,1.8%
1010,IS,3,481,1.1%
1010,MS,1,2131,1.3%
1010,MS,2,2111,<1%
1010,FS,1,2122,98.4%
1010,FS,2,9111,1.6%
1011,IS,1,311,3.8%
1011,IS,2,2122,7.1%
1011,IS,3,481,1.1%
1011,MS,1,2131,1.1%
1011,MS,2,2111,0
1101,IS,1,311,5.9%
1101,IS,2,1125,<1%
1101,IS,3,483,<1%
1101,MS,1,2131,<1%
1101,MS,2,336,<1%
1102,IS,1,311,1.8%
1102,IS,2,1125,<1%
1102,IS,3,325,1.2%
1102,MS,1,325,1.2%
1102,MS,2,336,<1%
1102,FS,1,2211,100.0%
1103,IS,1,311,8.7%
1103,IS,2,1125,<1%
1103,IS,3,484,1.4%
1103,MS,1,336,2.1%
1103,MS,2,325,<1%
1103,FS,1,3114,99.4%
1103,FS,2,2211,<1%
1201,IS,1,311,12.2%
1201,IS,2,1125,<1%
1201,IS,3,336,3.8%
1201,MS,1,336,3.7%
1201,MS,2,325,<1%
1202,IS,1,311,5.3%
1202,IS,2,484,<1%
1202,IS,3,1125,<1%
1202,MS,1,336,1.5%
1202,MS,2,2131,<1%
1203,IS,1,311,7.5%
1203,IS,2,1125,<1%
1203,IS,3,483,<1%
1203,MS,1,336,2.8%
1203,MS,2,2131,<1%
1204,IS,1,311,3.1%
1204,IS,2,321,2.7%
1204,IS,3,2213,<1%
1204,MS,1,2131,<1%
1204,MS,2,336,<1%
1205,IS,1,311,3.2%
1205,IS,2,484,2.1%
1205,IS,3,1114,1.3%
1205,MS,1,325,<1%
1205,MS,2,336,<1%
1206,IS,1,311,2.1%
1206,IS,2,326,5.5%
1206,IS,3,1125,<1%
1206,MS,1,336,1.5%
1206,MS,2,2111,<1%
1206,FS,1,3212,99.5%
1206,FS,2,3262,<1%
1207,IS,1,311,3.0%
1207,IS,2,484,1.9%
1207,IS,3,326,4.2%
1207,MS,1,336,<1%
1207,MS,2,325,<1%
1207,FS,1,3262,100.0%
1208,IS,1,484,1.7%
1208,IS,2,481,1.0%
1208,IS,3,3273,<1%
1208,MS,1,336,1.3%
1208,MS,2,325,<1%
1208,FS,1,5622,81.3%
1208,FS,2,3222,18.7%
1209,IS,1,2213,<1%
1209,IS,2,484,<1%
1209,IS,3,481,<1%
1209,MS,1,336,1.1%
1209,MS,2,325,<1%
1209,FS,1,2211,88.3%
1209,FS,2,5622,6.3%
1210,IS,1,311,1.6%
1210,IS,2,484,1.7%
1210,IS,3,326,2.9%
1210,MS,1,336,<1%
1210,MS,2,2131,<1%
1210,FS,1,3273,100.0%
1211,IS,1,311,4.7%
1211,IS,2,484,1.4%
1211,IS,3,2213,<1%
1211,MS,1,336,1.2%
1211,MS,2,2131,<1%
1212,IS,1,484,2.2%
1212,IS,2,326,3.9%
1212,IS,3,311,<1%
1212,MS,1,336,<1%
1212,MS,2,2111,<1%
1212,FS,1,2211,98.1%
1212,FS,2,3262,1.9%
1213,IS,1,311,4.9%
1213,IS,2,2213,<1%
1213,IS,3,483,<1%
1213,MS,1,2131,<1%
1213,MS,2,2111,<1%
1214,IS,1,311,<1%
1214,IS,2,483,<1%
1214,IS,3,237,3.2%
1214,MS,1,2111,<1%
1214,MS,2,2131,<1%
1215,IS,1,322,2.1%
1215,IS,2,311,1.3%
1215,IS,3,483,<1%
1215,MS,1,2131,<1%
1215,MS,2,336,<1%
1216,IS,1,311,4.6%
1216,IS,2,322,2.5%
1216,IS,3,484,1.6%
1216,MS,1,336,<1%
1216,MS,2,2111,<1%
1216,FS,1,2211,100.0%
1217,IS,1,483,<1%
1217,IS,2,311,1.2%
1217,IS,3,484,1.0%
1217,MS,1,2111,<1%
1217,MS,2,2131,<1%
1217,FS,1,2211,95.0%
1217,FS,2,2121,5.0%
1218,IS,1,311,3.2%
1218,IS,2,2213,<1%
1218,IS,3,483,<1%
1218,MS,1,2111,<1%
1218,MS,2,2131,<1%
1301,IS,1,3241,1.4%
1301,IS,2,2211FF,1.5%
1301,IS,3,1125,<1%
1301,MS,1,3241,1.4%
1301,MS,2,2111,<1%
1301,FS,1,3241,74.1%
1301,FS,2,2211,18.8%
1302,IS,1,1125,4.8%
1302,IS,2,311,9.6%
1302,IS,3,483,<1%
1302,MS,1,3241,<1%
1302,MS,2,336,<1%
1302,FS,1,5622,64.9%
1302,FS,2,3221,17.9%
1303,IS,1,484,1.4%
1303,IS,2,321,1.6%
1303,IS,3,562,<1%
1303,MS,1,2111,<1%
1303,MS,2,2131,<1%
1303,FS,1,9111,100.0%
1304,IS,1,321,5.9%
1304,IS,2,484,2.6%
1304,IS,3,3241,<1%
1304,MS,1,2111,<1%
1304,MS,2,3241,<1%
1304,FS,1,3211,100.0%
1305,IS,1,3241,1.7%
1305,IS,2,311,1.2%
1305,IS,3,322,1.7%
1305,MS,1,3241,1.7%
1305,MS,2,2111,<1%
1305,FS,1,3274,100.0%
1306,IS,1,484,3.0%
1306,IS,2,311,<1%
1306,IS,3,1114,<1%
1306,MS,1,2111,<1%
1306,MS,2,2131,<1%
1307,IS,1,311,2.0%
1307,IS,2,484,2.3%
1307,IS,3,322,<1%
1307,MS,1,2111,<1%
1307,MS,2,325,<1%
1307,FS,1,5622,100.0%
1308,IS,1,311,5.3%
1308,IS,2,1125,<1%
1308,IS,3,484,2.9%
1308,MS,1,336,<1%
1308,MS,2,325,<1%
1309,IS,1,311,3.2%
1309,IS,2,484,2.1%
1309,IS,3,321,1.8%
1309,MS,1,336,<1%
1309,MS,2,2131,<1%
1310,IS,1,484,1.1%
1310,IS,2,311,<1%
1310,IS,3,2213,<1%
1310,MS,1,2131,<1%
1310,MS,2,336,<1%
1310,FS,1,3221,56.6%
1310,FS,2,5622,39.1%
1311,IS,1,311,8.1%
1311,IS,2,484,10.3%
1311,IS,3,1114,1.5%
1311,MS,1,336,1.1%
1311,MS,2,325,<1%
1311,FS,1,3114,100.0%
1312,IS,1,311,4.0%
1312,IS,2,484,5.2%
1312,IS,3,321,2.3%
1312,MS,1,325,<1%
1312,MS,2,2131,<1%
1313,IS,1,311,3.6%
1313,IS,2,321,4.8%
1313,IS,3,484,2.9%
1313,MS,1,336,<1%
1313,MS,2,2131,<1%
1313,FS,1,3221,43.1%
1313,FS,2,5622,35.8%
1314,IS,1,321,4.7%
1314,IS,2,484,2.1%
1314,IS,3,1114,1.3%
1314,MS,1,2131,<1%
1314,MS,2,2111,0
1314,FS,1,2211,99.0%
1314,FS,2,3221,<1%
1315,IS,1,311,5.6%
1315,IS,2,484,1.4%
1315,IS,3,321,1.0%
1315,MS,1,2131,<1%
1315,MS,2,336,<1%
1315,FS,1,5622,100.0%
2401,IS,1,311,6.3%
2401,IS,2,483,2.2%
2401,IS,3,2211FF,1.4%
2401,MS,1,336,<1%
2401,MS,2,2111,0
2401,FS,1,2211,100.0%
2402,IS,1,311,11.0%
2402,IS,2,3273,1.7%
2402,IS,3,562,<1%
2402,MS,1,336,<1%
2402,MS,2,2111,0
2402,FS,1,3273,100.0%
2403,IS,1,311,4.1%
2403,IS,2,484,1.0%
2403,IS,3,333,3.0%
2403,MS,1,336,<1%
2403,MS,2,2131,<1%
2404,IS,1,311,2.4%
2404,IS,2,321,2.6%
2404,IS,3,113,1.9%
2404,MS,1,2131,<1%
2404,MS,2,325,<1%
2405,IS,1,311,2.6%
2405,IS,2,3273,<1%
2405,IS,3,484,2.0%
2405,MS,1,3241,<1%
2405,MS,2,2131,<1%
2405,FS,1,5622,100.0%
2406,IS,1,321,3.7%
2406,IS,2,113,2.7%
2406,IS,3,484,2.6%
2406,MS,1,2131,<1%
2406,MS,2,336,<1%
2407,IS,1,321,9.2%
2407,IS,2,311,2.1%
2407,IS,3,113,3.1%
2407,MS,1,2131,<1%
2407,MS,2,2111,0
2407,FS,1,3221,100.0%
2408,IS,1,3273,1.9%
2408,IS,2,311,2.4%
2408,IS,3,483,<1%
2408,MS,1,336,1.1%
2408,MS,2,3241,<1%
2409,IS,1,3311,1.6%
2409,IS,2,321,4.6%
2409,IS,3,484,3.3%
2409,MS,1,336,<1%
2409,MS,2,2131,<1%
2410,IS,1,483,<1%
2410,IS,2,484,1.1%
2410,IS,3,3311,<1%
2410,MS,1,336,<1%
2410,MS,2,2131,<1%
2410,FS,1,5622,100.0%
2411,IS,1,484,4.2%
2411,IS,2,311,1.8%
2411,IS,3,3311,<1%
2411,MS,1,325,1.0%
2411,MS,2,336,<1%
2412,IS,1,311,2.7%
2412,IS,2,484,3.4%
2412,IS,3,321,3.0%
2412,MS,1,325,<1%
2412,MS,2,336,<1%
2413,IS,1,321,7.5%
2413,IS,2,311,2.3%
2413,IS,3,484,3.4%
2413,MS,1,2131,<1%
2413,MS,2,325,<1%
2413,FS,1,3221,100.0%
2414,IS,1,311,3.7%
2414,IS,2,484,2.3%
2414,IS,3,321,2.4%
2414,MS,1,336,2.3%
2414,MS,2,325,<1%
2415,IS,1,322,2.4%
2415,IS,2,484,1.8%
2415,IS,3,483,<1%
2415,MS,1,336,1.9%
2415,MS,2,2131,<1%
2416,IS,1,311,2.8%
2416,IS,2,483,1.2%
2416,IS,3,1114,1.3%
2416,MS,1,336,1.5%
2416,MS,2,2131,<1%
2417,IS,1,321,11.9%
2417,IS,2,3311,1.5%
2417,IS,3,484,4.5%
2417,MS,1,336,<1%
2417,MS,2,325,<1%
2418,IS,1,321,5.3%
2418,IS,2,3311,1.1%
2418,IS,3,484,2.7%
2418,MS,1,336,<1%
2418,MS,2,325,<1%
2419,IS,1,311,5.4%
2419,IS,2,484,3.0%
2419,IS,3,3311,<1%
2419,MS,1,336,1.8%
2419,MS,2,325,<1%
2419,FS,1,5622,100.0%
2420,IS,1,311,<1%
2420,IS,2,484,1.3%
2420,IS,3,236,4.2%
2420,MS,1,2111,0
2420,MS,2,2121,0
2421,IS,1,484,1.3%
2421,IS,2,311,<1%
2421,IS,3,2213,<1%
2421,MS,1,336,<1%
2421,MS,2,325,<1%
2421,FS,1,5622,100.0%
2422,IS,1,311,<1%
2422,IS,2,484,<1%
2422,IS,3,236,3.5%
2422,MS,1,336,<1%
2422,MS,2,325,<1%
2422,FS,1,5622,58.8%
2422,FS,2,9111,41.2%
2423,IS,1,311,<1%
2423,IS,2,484,<1%
2423,IS,3,485,<1%
2423,MS,1,325,<1%
2423,MS,2,336,<1%
2423,FS,1,5622,79.0%
2423,FS,2,6113,14.3%
2425,IS,1,311,1.9%
2425,IS,2,484,1.3%
2425,IS,3,3241,<1%
2425,MS,1,336,<1%
2425,MS,2,325,<1%
2425,FS,1,3241,97.0%
2425,FS,2,3116,2.2%
2426,IS,1,311,5.8%
2426,IS,2,484,2.5%
2426,IS,3,321,1.8%
2426,MS,1,336,<1%
2426,MS,2,325,<1%
2426,FS,1,5622,100.0%
2427,IS,1,311,3.9%
2427,IS,2,321,3.9%
2427,IS,3,484,2.4%
2427,MS,1,336,2.6%
2427,MS,2,3241,<1%
2427,FS,1,3115,100.0%
2428,IS,1,321,6.5%
2428,IS,2,484,4.3%
2428,IS,3,311,1.9%
2428,MS,1,336,1.4%
2428,MS,2,2131,<1%
2429,IS,1,321,6.4%
2429,IS,2,484,2.4%
2429,IS,3,332,4.9%
2429,MS,1,336,2.6%
2429,MS,2,3241,<1%
2429,FS,1,5622,70.2%
2429,FS,2,3211,29.8%
2430,IS,1,321,10.0%
2430,IS,2,327X,3.3%
2430,IS,3,311,2.1%
2430,MS,1,336,<1%
2430,MS,2,325,<1%
2430,FS,1,3212,100.0%
2431,IS,1,3311,1.0%
2431,IS,2,311,2.2%
2431,IS,3,484,1.9%
2431,MS,1,336,<1%
2431,MS,2,325,<1%
2431,FS,1,5622,100.0%
2432,IS,1,311,6.0%
2432,IS,2,3311,1.1%
2432,IS,3,484,2.7%
2432,MS,1,336,1.7%
2432,MS,2,325,<1%
2432,FS,1,3115,100.0%
2433,IS,1,311,3.2%
2433,IS,2,3311,1.0%
2433,IS,3,484,3.2%
2433,MS,1,336,<1%
2433,MS,2,325,<1%
2433,FS,1,3315,100.0%
2434,IS,1,311,2.6%
2434,IS,2,3313,2.1%
2434,IS,3,484,2.2%
2434,MS,1,336,<1%
2434,MS,2,3241,<1%
2434,FS,1,3273,58.3%
2434,FS,2,3313,37.6%
2435,IS,1,321,4.3%
2435,IS,2,484,2.5%
2435,IS,3,311,<1%
2435,MS,1,336,<1%
2435,MS,2,2131,<1%
2436,IS,1,311,1.1%
2436,IS,2,3313,1.1%
2436,IS,3,484,1.6%
2436,MS,1,336,1.5%
2436,MS,2,325,<1%
2437,IS,1,311,1.7%
2437,IS,2,3313,1.2%
2437,IS,3,484,1.6%
2437,MS,1,325,<1%
2437,MS,2,336,<1%
2437,FS,1,3221,79.3%
2437,FS,2,5629,20.7%
2438,IS,1,3313,2.5%
2438,IS,2,484,2.8%
2438,IS,3,311,1.8%
2438,MS,1,325,1.2%
2438,MS,2,336,<1%
2438,FS,1,3313,66.2%
2438,FS,2,3311,13.4%
2439,IS,1,311,3.2%
2439,IS,2,322,3.3%
2439,IS,3,484,2.1%
2439,MS,1,336,<1%
2439,MS,2,325,<1%
2439,FS,1,5622,50.3%
2439,FS,2,3221,31.1%
2440,IS,1,311,3.4%
2440,IS,2,322,5.1%
2440,IS,3,484,3.0%
2440,MS,1,336,2.6%
2440,MS,2,325,<1%
2441,IS,1,484,3.3%
2441,IS,2,322,2.1%
2441,IS,3,321,2.1%
2441,MS,1,336,<1%
2441,MS,2,325,<1%
2441,FS,1,3274,85.2%
2441,FS,2,3221,14.8%
2442,IS,1,322,4.2%
2442,IS,2,484,2.7%
2442,IS,3,336,6.6%
2442,MS,1,336,6.4%
2442,MS,2,3241,<1%
2442,FS,1,3221,86.3%
2442,FS,2,3279,13.7%
2443,IS,1,311,<1%
2443,IS,2,484,<1%
2443,IS,3,322,<1%
2443,MS,1,336,1.9%
2443,MS,2,325,<1%
2443,FS,1,5622,36.4%
2443,FS,2,3221,35.4%
2444,IS,1,311,2.4%
2444,IS,2,484,3.7%
2444,IS,3,321,3.0%
2444,MS,1,336,<1%
2444,MS,2,325,<1%
2444,FS,1,4861,100.0%
2445,IS,1,3311,<1%
2445,IS,2,311,1.0%
2445,IS,3,325,<1%
2445,MS,1,336,1.7%
2445,MS,2,325,<1%
2445,FS,1,5622,100.0%
2446,IS,1,311,3.1%
2446,IS,2,484,1.8%
2446,IS,3,325,1.4%
2446,MS,1,336,1.7%
2446,MS,2,325,1.3%
2446,FS,1,3274,88.3%
2446,FS,2,3344,6.6%
2447,IS,1,311,3.7%
2447,IS,2,484,1.8%
2447,IS,3,332,2.5%
2447,MS,1,336,2.4%
2447,MS,2,325,<1%
2447,FS,1,3115,100.0%
2447,FS,2,2211,<1%
2448,IS,1,311,6.1%
2448,IS,2,484,3.5%
2448,IS,3,325,1.8%
2448,MS,1,336,2.7%
2448,MS,2,325,1.6%
2449,IS,1,311,2.9%
2449,IS,2,484,3.6%
2449,IS,3,3241,<1%
2449,MS,1,336,2.8%
2449,MS,2,3241,<1%
2449,FS,1,5622,81.5%
2449,FS,2,3115,9.5%
2450,IS,1,311,2.7%
2450,IS,2,484,3.6%
2450,IS,3,3311,<1%
2450,MS,1,336,1.6%
2450,MS,2,325,<1%
2450,FS,1,5622,100.0%
2451,IS,1,311,3.3%
2451,IS,2,484,2.4%
2451,IS,3,3311,<1%
2451,MS,1,336,<1%
2451,MS,2,325,<1%
2451,FS,1,5629,100.0%
2452,IS,1,311,2.7%
2452,IS,2,484,2.8%
2452,IS,3,562,<1%
2452,MS,1,336,<1%
2452,MS,2,325,<1%
2452,FS,1,3116,100.0%
2453,IS,1,3311,7.2%
2453,IS,2,311,2.9%
2453,IS,3,484,2.2%
2453,MS,1,336,<1%
2453,MS,2,325,<1%
2453,FS,1,3311,94.5%
2453,FS,2,3321,4.4%
2454,IS,1,311,7.4%
2454,IS,2,484,2.6%
2454,IS,3,3311,<1%
2454,MS,1,336,<1%
2454,MS,2,325,<1%
2454,FS,1,3115,51.7%
2454,FS,2,3116,48.3%
2455,IS,1,311,5.9%
2455,IS,2,484,2.4%
2455,IS,3,332,2.6%
2455,MS,1,336,1.5%
2455,MS,2,325,<1%
2455,FS,1,3312,100.0%
2456,IS,1,311,1.8%
2456,IS,2,484,2.3%
2456,IS,3,238,5.8%
2456,MS,1,336,1.3%
2456,MS,2,325,<1%
2456,FS,1,2213,69.5%
2456,FS,2,3261,30.5%
2457,IS,1,311,2.1%
2457,IS,2,484,1.2%
2457,IS,3,3311,<1%
2457,MS,1,336,1.6%
2457,MS,2,325,<1%
2458,IS,1,311,1.5%
2458,IS,2,484,1.3%
2458,IS,3,325,<1%
2458,MS,1,336,1.3%
2458,MS,2,325,<1%
2458,FS,1,3311,66.7%
2458,FS,2,3364,24.2%
2459,IS,1,3311,1.1%
2459,IS,2,311,1.7%
2459,IS,3,484,1.7%
2459,MS,1,336,1.8%
2459,MS,2,325,1.5%
2459,FS,1,3311,71.1%
2459,FS,2,3251,15.3%
2460,IS,1,311,1.1%
2460,IS,2,484,1.6%
2460,IS,3,3311,<1%
2460,MS,1,336,<1%
2460,MS,2,325,<1%
2461,IS,1,484,2.4%
2461,IS,2,311,1.6%
2461,IS,3,322,1.2%
2461,MS,1,336,<1%
2461,MS,2,325,<1%
2461,FS,1,3273,72.5%
2461,FS,2,3221,12.2%
2462,IS,1,311,1.6%
2462,IS,2,484,2.4%
2462,IS,3,321,1.3%
2462,MS,1,336,<1%
2462,MS,2,325,<1%
2463,IS,1,311,2.2%
2463,IS,2,484,2.7%
2463,IS,3,238,10.0%
2463,MS,1,336,1.2%
2463,MS,2,325,<1%
2464,IS,1,311,1.4%
2464,IS,2,484,1.4%
2464,IS,3,238,6.8%
2464,MS,1,336,1.4%
2464,MS,2,325,<1%
2464,FS,1,5629,100.0%
2465,IS,1,311,1.5%
2465,IS,2,484,1.6%
2465,IS,3,485,1.8%
2465,MS,1,336,1.5%
2465,MS,2,325,<1%
2465,FS,1,3255,100.0%
2466,IS,1,311,1.6%
2466,IS,2,484,1.1%
2466,IS,3,481,<1%
2466,MS,1,336,<1%
2466,MS,2,325,<1%
2466,FS,1,3241,52.2%
2466,FS,2,3251,18.2%
2467,IS,1,484,1.9%
2467,IS,2,311,1.2%
2467,IS,3,325,<1%
2467,MS,1,336,1.3%
2467,MS,2,325,<1%
2467,FS,1,3273,84.3%
2467,FS,2,3315,5.3%
2468,IS,1,484,4.4%
2468,IS,2,311,2.4%
2468,IS,3,3273,<1%
2468,MS,1,336,1.3%
2468,MS,2,325,<1%
2469,IS,1,311,4.3%
2469,IS,2,484,3.4%
2469,IS,3,3311,<1%
2469,MS,1,336,<1%
2469,MS,2,325,<1%
2470,IS,1,3311,1.0%
2470,IS,2,311,1.6%
2470,IS,3,484,2.3%
2470,MS,1,325,1.2%
2470,MS,2,336,1.1%
2470,FS,1,3261,49.1%
2470,FS,2,3251,13.6%
2471,IS,1,484,2.9%
2471,IS,2,311,1.1%
2471,IS,3,481,1.0%
2471,MS,1,336,1.8%
2471,MS,2,325,1.2%
2471,FS,1,4862,60.7%
2471,FS,2,3399,15.8%
2472,IS,1,311,1.2%
2472,IS,2,484,1.8%
2472,IS,3,336,2.9%
2472,MS,1,336,2.9%
2472,MS,2,325,<1%
2472,FS,1,2213,100.0%
2473,IS,1,311,1.6%
2473,IS,2,484,1.3%
2473,IS,3,325,<1%
2473,MS,1,336,2.4%
2473,MS,2,325,<1%
2474,IS,1,311,1.0%
2474,IS,2,484,1.6%
2474,IS,3,336,3.8%
2474,MS,1,336,3.7%
2474,MS,2,325,<1%
2474,FS,1,3364,100.0%
2475,IS,1,484,2.0%
2475,IS,2,311,1.1%
2475,IS,3,336,2.9%
2475,MS,1,336,2.8%
2475,MS,2,325,<1%
2475,FS,1,5622,91.7%
2475,FS,2,3221,8.3%
2476,IS,1,3311,<1%
2476,IS,2,325,2.3%
2476,IS,3,484,2.2%
2476,MS,1,325,2.2%
2476,MS,2,336,1.8%
2476,FS,1,5622,100.0%
2477,IS,1,481,<1%
2477,IS,2,311,<1%
2477,IS,3,484,1.1%
2477,MS,1,336,1.7%
2477,MS,2,325,<1%
2478,IS,1,484,1.0%
2478,IS,2,236,4.6%
2478,IS,3,238,5.9%
2478,MS,1,336,<1%
2478,MS,2,2131,<1%
2479,IS,1,321,3.7%
2479,IS,2,484,2.8%
2479,IS,3,311,1.2%
2479,MS,1,2131,<1%
2479,MS,2,336,<1%
2480,IS,1,484,2.4%
2480,IS,2,321,2.3%
2480,IS,3,311,1.0%
2480,MS,1,325,<1%
2480,MS,2,336,<1%
2480,FS,1,3221,100.0%
2481,IS,1,311,<1%
2481,IS,2,236,2.8%
2481,IS,3,238,4.0%
2481,MS,1,336,<1%
2481,MS,2,325,<1%
2481,FS,1,3221,100.0%
2482,IS,1,236,5.6%
2482,IS,2,238,7.4%
2482,IS,3,2213,<1%
2482,MS,1,2131,<1%
2482,MS,2,325,<1%
2483,IS,1,321,4.7%
2483,IS,2,484,2.2%
2483,IS,3,113,1.4%
2483,MS,1,2131,<1%
2483,MS,2,2111,<1%
2484,IS,1,484,2.1%
2484,IS,2,311,<1%
2484,IS,3,238,7.8%
2484,MS,1,336,1.1%
2484,MS,2,2131,<1%
2485,IS,1,322,6.1%
2485,IS,2,321,4.0%
2485,IS,3,484,3.0%
2485,MS,1,2131,1.9%
2485,MS,2,336,1.7%
2485,FS,1,3221,100.0%
2486,IS,1,3311,2.6%
2486,IS,2,2122,7.5%
2486,IS,3,484,1.3%
2486,MS,1,2131,3.8%
2486,MS,2,336,<1%
2486,FS,1,3314,75.6%
2486,FS,2,2122,24.4%
2487,IS,1,321,4.2%
2487,IS,2,484,2.9%
2487,IS,3,2122,9.6%
2487,MS,1,2131,4.4%
2487,MS,2,336,<1%
2488,IS,1,321,4.7%
2488,IS,2,484,2.4%
2488,IS,3,113,2.0%
2488,MS,1,2131,3.3%
2488,MS,2,325,<1%
2488,FS,1,2122,100.0%
2489,IS,1,2122,10.3%
2489,IS,2,484,2.4%
2489,IS,3,321,2.7%
2489,MS,1,2131,4.7%
2489,MS,2,325,<1%
2489,FS,1,2122,97.4%
2489,FS,2,2211,2.6%
2490,IS,1,322,6.8%
2490,IS,2,321,6.7%
2490,IS,3,113,4.1%
2490,MS,1,2111,0
2490,MS,2,2121,0
2490,FS,1,3221,95.4%
2490,FS,2,2211,4.6%
2491,IS,1,321,5.2%
2491,IS,2,484,3.4%
2491,IS,3,113,2.8%
2491,MS,1,2131,<1%
2491,MS,2,336,<1%
2491,FS,1,3221,100.0%
2492,IS,1,113,6.3%
2492,IS,2,321,5.1%
2492,IS,3,484,3.1%
2492,MS,1,2131,<1%
2492,MS,2,336,<1%
2492,FS,1,3221,100.0%
2493,IS,1,3313,3.2%
2493,IS,2,484,2.5%
2493,IS,3,311,1.4%
2493,MS,1,336,<1%
2493,MS,2,2131,<1%
2493,FS,1,3313,93.1%
2493,FS,2,3221,6.3%
2494,IS,1,3313,3.7%
2494,IS,2,3311,<1%
2494,IS,3,484,1.5%
2494,MS,1,2131,<1%
2494,MS,2,336,<1%
2494,FS,1,3313,88.5%
2494,FS,2,3311,5.1%
2495,IS,1,321,5.2%
2495,IS,2,483,1.1%
2495,IS,3,311,2.0%
2495,MS,1,325,<1%
2495,MS,2,2111,0
2496,IS,1,3313,6.2%
2496,IS,2,484,1.8%
2496,IS,3,311,<1%
2496,MS,1,2131,<1%
2496,MS,2,2111,0
2496,FS,1,3313,97.0%
2496,FS,2,5622,3.0%
2497,IS,1,3313,5.3%
2497,IS,2,3311,1.7%
2497,IS,3,2122,10.5%
2497,MS,1,325,<1%
2497,MS,2,2131,<1%
2497,FS,1,2122,50.5%
2497,FS,2,3313,48.9%
2498,IS,1,311,4.0%
2498,IS,2,3311,<1%
2498,IS,3,483,<1%
2498,MS,1,2131,<1%
2498,MS,2,2111,0
2498,FS,1,2122,69.5%
2498,FS,2,2211,30.5%
2499,IS,1,2213,<1%
2499,IS,2,321,4.0%
2499,IS,3,481,<1%
2499,MS,1,2131,1.2%
2499,MS,2,2111,<1%
2499,FS,1,2122,55.1%
2499,FS,2,3221,26.0%
3501,IS,1,311,2.9%
3501,IS,2,484,2.4%
3501,IS,3,2213,<1%
3501,MS,1,325,<1%
3501,MS,2,336,<1%
3501,FS,1,5622,73.7%
3501,FS,2,3115,20.7%
3502,IS,1,3311,<1%
3502,IS,2,484,1.2%
3502,IS,3,311,<1%
3502,MS,1,336,<1%
3502,MS,2,325,<1%
3502,FS,1,3311,88.4%
3502,FS,2,3241,11.6%
3506,IS,1,485,<1%
3506,IS,2,238,2.8%
3506,IS,3,236,1.8%
3506,MS,1,336,<1%
3506,MS,2,325,<1%
3506,FS,1,9119,29.8%
3506,FS,2,5622,29.1%
3507,IS,1,325,1.5%
3507,IS,2,484,1.7%
3507,IS,3,311,<1%
3507,MS,1,325,1.5%
3507,MS,2,336,<1%
3507,FS,1,3251,54.5%
3507,FS,2,3112,27.0%
3509,IS,1,238,7.5%
3509,IS,2,484,<1%
3509,IS,3,2213,<1%
3509,MS,1,325,<1%
3509,MS,2,336,<1%
3509,FS,1,3222,100.0%
3510,IS,1,325,<1%
3510,IS,2,484,<1%
3510,IS,3,311,<1%
3510,MS,1,325,<1%
3510,MS,2,336,<1%
3510,FS,1,3252,56.2%
3510,FS,2,6113,25.6%
3511,IS,1,484,1.6%
3511,IS,2,311,<1%
3511,IS,3,2213,<1%
3511,MS,1,325,<1%
3511,MS,2,336,<1%
3511,FS,1,3273,56.2%
3511,FS,2,2211,38.5%
3512,IS,1,311,2.6%
3512,IS,2,484,1.6%
3512,IS,3,322,1.5%
3512,MS,1,336,1.9%
3512,MS,2,325,<1%
3512,FS,1,3221,47.3%
3512,FS,2,2123,21.4%
3513,IS,1,3273,1.1%
3513,IS,2,2213,<1%
3513,IS,3,1114,1.3%
3513,MS,1,336,1.5%
3513,MS,2,325,<1%
3513,FS,1,3273,100.0%
3514,IS,1,311,1.6%
3514,IS,2,3311,<1%
3514,IS,3,325,1.5%
3514,MS,1,336,1.4%
3514,MS,2,325,1.4%
3514,FS,1,3251,100.0%
3515,IS,1,311,<1%
3515,IS,2,3311,<1%
3515,IS,3,484,<1%
3515,MS,1,336,<1%
3515,MS,2,325,<1%
3515,FS,1,3251,67.2%
3515,FS,2,2123,32.8%
3516,IS,1,2213,<1%
3516,IS,2,311,1.0%
3516,IS,3,484,1.5%
3516,MS,1,336,<1%
3516,MS,2,325,<1%
3518,IS,1,484,1.0%
3518,IS,2,311,<1%
3518,IS,3,2213,<1%
3518,MS,1,336,1.2%
3518,MS,2,325,<1%
3518,FS,1,3273,75.2%
3518,FS,2,5622,8.0%
3519,IS,1,311,<1%
3519,IS,2,484,<1%
3519,IS,3,325,<1%
3519,MS,1,336,1.5%
3519,MS,2,325,<1%
3519,FS,1,5622,90.4%
3519,FS,2,2213,5.6%
3520,IS,1,311,1.3%
3520,IS,2,484,<1%
3520,IS,3,325,<1%
3520,MS,1,336,<1%
3520,MS,2,325,<1%
3520,FS,1,2211,24.5%
3520,FS,2,2212,18.4%
3521,IS,1,484,4.2%
3521,IS,2,311,1.9%
3521,IS,3,325,<1%
3521,MS,1,336,1.6%
3521,MS,2,325,<1%
3521,FS,1,3273,36.9%
3521,FS,2,2211,18.1%
3522,IS,1,484,2.2%
3522,IS,2,311,1.3%
3522,IS,3,336,3.5%
3522,MS,1,336,3.4%
3522,MS,2,325,<1%
3523,IS,1,311,2.4%
3523,IS,2,336,6.3%
3523,IS,3,484,1.6%
3523,MS,1,336,6.1%
3523,MS,2,325,<1%
3523,FS,1,5622,37.8%
3523,FS,2,3363,32.2%
3524,IS,1,311,1.2%
3524,IS,2,484,1.1%
3524,IS,3,3311,<1%
3524,MS,1,336,1.7%
3524,MS,2,325,<1%
3524,FS,1,2211,68.9%
3524,FS,2,5622,8.2%
3525,IS,1,3311,1.5%
3525,IS,2,311,2.0%
3525,IS,3,484,1.4%
3525,MS,1,336,2.1%
3525,MS,2,325,<1%
3525,FS,1,3311,79.5%
3525,FS,2,3274,7.9%
3526,IS,1,3311,<1%
3526,IS,2,1114,1.2%
3526,IS,3,311,1.0%
3526,MS,1,336,1.7%
3526,MS,2,325,<1%
3526,FS,1,5622,37.6%
3526,FS,2,2211,21.8%
3528,IS,1,3311,3.0%
3528,IS,2,311,2.6%
3528,IS,3,484,2.7%
3528,MS,1,336,3.8%
3528,MS,2,325,<1%
3528,FS,1,3311,75.2%
3528,FS,2,3241,22.0%
3529,IS,1,311,3.0%
3529,IS,2,3311,<1%
3529,IS,3,484,2.5%
3529,MS,1,336,2.8%
3529,MS,2,325,1.1%
3529,FS,1,5622,52.3%
3529,FS,2,3113,11.7%
3530,IS,1,311,2.3%
3530,IS,2,484,1.8%
3530,IS,3,336,4.4%
3530,MS,1,336,4.3%
3530,MS,2,325,<1%
3530,FS,1,3361,28.1%
3530,FS,2,5622,21.4%
3531,IS,1,311,3.1%
3531,IS,2,336,6.7%
3531,IS,3,484,1.8%
3531,MS,1,336,6.1%
3531,MS,2,325,<1%
3531,FS,1,3273,91.8%
3531,FS,2,3363,2.9%
3532,IS,1,311,2.6%
3532,IS,2,484,3.7%
3532,IS,3,336,9.8%
3532,MS,1,336,9.2%
3532,MS,2,325,<1%
3532,FS,1,3274,47.0%
3532,FS,2,3273,46.8%
3534,IS,1,484,2.9%
3534,IS,2,336,7.7%
3534,IS,3,311,1.6%
3534,MS,1,336,7.3%
3534,MS,2,325,<1%
3534,FS,1,3251,43.9%
3534,FS,2,5622,42.2%
3536,IS,1,484,2.5%
3536,IS,2,1114,1.6%
3536,IS,3,311,1.3%
3536,MS,1,336,3.4%
3536,MS,2,325,<1%
3536,FS,1,5622,62.7%
3536,FS,2,3251,18.3%
3537,IS,1,336,8.2%
3537,IS,2,484,2.0%
3537,IS,3,1114,1.4%
3537,MS,1,336,8.1%
3537,MS,2,325,<1%
3537,FS,1,1114,43.2%
3537,FS,2,5622,26.7%
3538,IS,1,3241,2.1%
3538,IS,2,325,3.2%
3538,IS,3,484,1.5%
3538,MS,1,325,3.1%
3538,MS,2,3241,2.0%
3538,FS,1,2211,31.9%
3538,FS,2,3241,29.7%
3539,IS,1,311,2.0%
3539,IS,2,484,1.5%
3539,IS,3,3311,<1%
3539,MS,1,336,3.1%
3539,MS,2,325,<1%
3539,FS,1,3112,22.0%
3539,FS,2,3315,19.2%
3540,IS,1,311,2.5%
3540,IS,2,3311,<1%
3540,IS,3,484,2.3%
3540,MS,1,336,1.8%
3540,MS,2,2131,<1%
3540,FS,1,2123,64.5%
3540,FS,2,1114,35.5%
3541,IS,1,311,1.8%
3541,IS,2,3311,<1%
3541,IS,3,2213,<1%
3541,MS,1,336,<1%
3541,MS,2,325,<1%
3541,FS,1,3251,100.0%
3542,IS,1,311,2.8%
3542,IS,2,484,1.4%
3542,IS,3,2211FF,<1%
3542,MS,1,336,1.3%
3542,MS,2,325,<1%
3543,IS,1,484,1.3%
3543,IS,2,336,3.6%
3543,IS,3,238,6.7%
3543,MS,1,336,3.5%
3543,MS,2,325,<1%
3543,FS,1,3361,63.0%
3543,FS,2,9111,21.6%
3544,IS,1,236,6.4%
3544,IS,2,2213,<1%
3544,IS,3,238,8.5%
3544,MS,1,336,<1%
3544,MS,2,325,<1%
3544,FS,1,3212,51.5%
3544,FS,2,3221,48.5%
3546,IS,1,238,9.5%
3546,IS,2,236,6.2%
3546,IS,3,484,1.2%
3546,MS,1,336,<1%
3546,MS,2,2111,0
3547,IS,1,562,<1%
3547,IS,2,321,1.1%
3547,IS,3,238,5.2%
3547,MS,1,336,1.0%
3547,MS,2,325,<1%
3547,FS,1,3212,24.0%
3547,FS,2,5622,20.0%
3548,IS,1,484,1.4%
3548,IS,2,2213,<1%
3548,IS,3,481,<1%
3548,MS,1,2131,1.6%
3548,MS,2,336,<1%
3548,FS,1,6221,99.7%
3548,FS,2,2211,<1%
3549,IS,1,484,1.2%
3549,IS,2,236,5.2%
3549,IS,3,238,7.2%
3549,MS,1,336,1.4%
3549,MS,2,2131,<1%
3551,IS,1,484,4.9%
3551,IS,2,1125,<1%
3551,IS,3,2213,<1%
3551,MS,1,336,<1%
3551,MS,2,2111,<1%
3552,IS,1,322,4.2%
3552,IS,2,321,3.0%
3552,IS,3,484,2.1%
3552,MS,1,2131,1.9%
3552,MS,2,2111,<1%
3552,FS,1,3221,88.7%
3552,FS,2,2122,7.1%
3553,IS,1,3311,<1%
3553,IS,2,2122,6.5%
3553,IS,3,484,1.2%
3553,MS,1,2131,2.3%
3553,MS,2,325,<1%
3553,FS,1,3314,94.0%
3553,FS,2,2122,6.0%
3554,IS,1,2122,10.8%
3554,IS,2,484,2.2%
3554,IS,3,321,2.7%
3554,MS,1,2131,2.5%
3554,MS,2,336,<1%
3554,FS,1,2211,67.8%
3554,FS,2,2122,22.9%
3556,IS,1,2122,9.2%
3556,IS,2,321,2.8%
3556,IS,3,484,1.6%
3556,MS,1,2131,2.0%
3556,MS,2,325,<1%
3556,FS,1,2122,83.2%
3556,FS,2,2211,5.9%
3557,IS,1,3311,5.1%
3557,IS,2,321,1.5%
3557,IS,3,2213,<1%
3557,MS,1,2131,<1%
3557,MS,2,325,<1%
3557,FS,1,3311,92.9%
3557,FS,2,3274,3.0%
3558,IS,1,481,<1%
3558,IS,2,2213,<1%
3558,IS,3,322,1.2%
3558,MS,1,2131,<1%
3558,MS,2,336,<1%
3558,FS,1,3221,73.7%
3558,FS,2,2122,14.7%
3559,IS,1,2213,<1%
3559,IS,2,113,2.2%
3559,IS,3,321,2.5%
3559,MS,1,2111,<1%
3559,MS,2,2131,<1%
3559,FS,1,2122,83.2%
3559,FS,2,2211,16.8%
3560,IS,1,2213,<1%
3560,IS,2,484,1.4%
3560,IS,3,481,<1%
3560,MS,1,2131,<1%
3560,MS,2,2111,<1%
3560,FS,1,4862,84.1%
3560,FS,2,3221,9.4%
4601,IS,1,484,3.4%
4601,IS,2,2213,<1%
4601,IS,3,311,1.2%
4601,MS,1,336,<1%
4601,MS,2,2131,<1%
4602,IS,1,311,3.4%
4602,IS,2,484,4.7%
4602,IS,3,238,9.9%
4602,MS,1,325,<1%
4602,MS,2,336,<1%
4602,FS,1,3112,100.0%
4603,IS,1,484,4.7%
4603,IS,2,311,1.5%
4603,IS,3,3311,<1%
4603,MS,1,336,3.1%
4603,MS,2,325,<1%
4603,FS,1,3112,67.7%
4603,FS,2,5622,32.3%
4604,IS,1,484,3.9%
4604,IS,2,311,1.2%
4604,IS,3,2213,<1%
4604,MS,1,336,1.1%
4604,MS,2,2131,<1%
4605,IS,1,311,2.3%
4605,IS,2,484,3.1%
4605,IS,3,2213,<1%
4605,MS,1,2111,1.0%
4605,MS,2,2131,<1%
4605,FS,1,2111,100.0%
4606,IS,1,2111,5.1%
4606,IS,2,484,3.0%
4606,IS,3,2213,<1%
4606,MS,1,2111,4.2%
4606,MS,2,2131,3.4%
4606,FS,1,2111,100.0%
4607,IS,1,311,6.9%
4607,IS,2,484,1.7%
4607,IS,3,325,<1%
4607,MS,1,325,<1%
4607,MS,2,2131,<1%
4607,FS,1,3253,89.9%
4607,FS,2,3119,3.6%
4608,IS,1,311,5.8%
4608,IS,2,484,5.4%
4608,IS,3,2213,<1%
4608,MS,1,2131,<1%
4608,MS,2,2111,0
4609,IS,1,311,7.2%
4609,IS,2,484,3.3%
4609,IS,3,2213,<1%
4609,MS,1,336,<1%
4609,MS,2,325,<1%
4609,FS,1,3114,100.0%
4610,IS,1,311,2.2%
4610,IS,2,484,1.9%
4610,IS,3,238,5.9%
4610,MS,1,336,<1%
4610,MS,2,2131,<1%
4611,IS,1,484,2.5%
4611,IS,2,311,1.3%
4611,IS,3,2213,<1%
4611,MS,1,336,1.3%
4611,MS,2,325,<1%
4611,FS,1,5622,59.3%
4611,FS,2,4862,32.6%
4612,IS,1,484,3.4%
4612,IS,2,3311,<1%
4612,IS,3,311,<1%
4612,MS,1,336,1.3%
4612,MS,2,325,<1%
4612,FS,1,5629,100.0%
4613,IS,1,3311,<1%
4613,IS,2,484,2.4%
4613,IS,3,2211FF,1.4%
4613,MS,1,336,1.1%
4613,MS,2,325,<1%
4613,FS,1,3311,58.2%
4613,FS,2,5622,41.8%
4614,IS,1,484,3.8%
4614,IS,2,562,<1%
4614,IS,3,2213,<1%
4614,MS,1,336,1.4%
4614,MS,2,2131,<1%
4614,FS,1,3119,100.0%
4615,IS,1,311,15.4%
4615,IS,2,484,1.9%
4615,IS,3,2213,<1%
4615,MS,1,325,<1%
4615,MS,2,2131,<1%
4615,FS,1,3251,100.0%
4616,IS,1,311,1.7%
4616,IS,2,3273,1.1%
4616,IS,3,2213,<1%
4616,MS,1,2131,<1%
4616,MS,2,2111,<1%
4616,FS,1,3112,100.0%
4617,IS,1,484,1.2%
4617,IS,2,311,<1%
4617,IS,3,1114,<1%
4617,MS,1,2131,<1%
4617,MS,2,325,<1%
4618,IS,1,484,2.1%
4618,IS,2,237,4.5%
4618,IS,3,311,<1%
4618,MS,1,2131,<1%
4618,MS,2,325,<1%
4618,FS,1,3274,77.2%
4618,FS,2,3121,22.8%
4619,IS,1,2213,1.1%
4619,IS,2,562,<1%
4619,IS,3,484,<1%
4619,MS,1,2131,<1%
4619,MS,2,2111,<1%
4620,IS,1,321,6.2%
4620,IS,2,113,2.2%
4620,IS,3,2213,<1%
4620,MS,1,2131,<1%
4620,MS,2,2111,<1%
4621,IS,1,322,2.8%
4621,IS,2,2122,9.5%
4621,IS,3,3311,<1%
4621,MS,1,2131,<1%
4621,MS,2,325,<1%
4621,FS,1,3221,62.0%
4621,FS,2,2122,38.0%
4622,IS,1,2213,<1%
4622,IS,2,481,1.1%
4622,IS,3,2122,4.6%
4622,MS,1,2131,<1%
4622,MS,2,2111,0
4622,FS,1,2122,100.0%
4623,IS,1,2211FF,11.1%
4623,IS,2,2213,1.7%
4623,IS,3,562,<1%
4623,MS,1,2111,0
4623,MS,2,2121,0
4701,IS,1,2111,3.6%
4701,IS,2,484,3.6%
4701,IS,3,2211FF,2.8%
4701,MS,1,2131,7.3%
4701,MS,2,2111,3.1%
4701,FS,1,2211,91.8%
4701,FS,2,2111,6.1%
4702,IS,1,2111,3.5%
4702,IS,2,484,3.1%
4702,IS,3,3311,<1%
4702,MS,1,2131,4.6%
4702,MS,2,2111,2.8%
4702,FS,1,2111,100.0%
4703,IS,1,2211FF,2.5%
4703,IS,2,484,2.7%
4703,IS,3,311,1.1%
4703,MS,1,2121,1.5%
4703,MS,2,336,<1%
4703,FS,1,2211,99.5%
4703,FS,2,2121,<1%
4704,IS,1,2111,2.3%
4704,IS,2,484,2.2%
4704,IS,3,333,4.9%
4704,MS,1,2131,2.5%
4704,MS,2,2111,1.6%
4704,FS,1,2111,91.4%
4704,FS,2,3241,8.6%
4705,IS,1,2123,10.5%
4705,IS,2,2213,<1%
4705,IS,3,484,1.5%
4705,MS,1,2131,1.1%
4705,MS,2,2111,<1%
4705,FS,1,2123,87.4%
4705,FS,2,2211,12.6%
4706,IS,1,3241,<1%
4706,IS,2,484,1.6%
4706,IS,3,2213,<1%
4706,MS,1,3241,<1%
4706,MS,2,2131,<1%
4706,FS,1,3241,40.1%
4706,FS,2,2123,31.2%
4707,IS,1,2213,<1%
4707,IS,2,311,1.4%
4707,IS,3,484,2.0%
4707,MS,1,325,<1%
4707,MS,2,2131,<1%
4707,FS,1,5622,47.9%
4707,FS,2,3241,36.3%
4708,IS,1,2111,2.1%
4708,IS,2,484,1.9%
4708,IS,3,2213,<1%
4708,MS,1,2131,2.4%
4708,MS,2,2111,1.7%
4708,FS,1,2211,90.1%
4708,FS,2,2111,8.2%
4709,IS,1,311,4.4%
4709,IS,2,484,2.2%
4709,IS,3,2213,<1%
4709,MS,1,2131,<1%
4709,MS,2,2111,<1%
4709,FS,1,3112,100.0%
4710,IS,1,311,4.0%
4710,IS,2,484,2.4%
4710,IS,3,2213,<1%
4710,MS,1,2131,<1%
4710,MS,2,336,<1%
4710,FS,1,2123,100.0%
4711,IS,1,311,1.5%
4711,IS,2,484,1.6%
4711,IS,3,2213,<1%
4711,MS,1,2131,<1%
4711,MS,2,336,<1%
4711,FS,1,2211,76.2%
4711,FS,2,2123,13.0%
4712,IS,1,311,1.9%
4712,IS,2,484,2.5%
4712,IS,3,2213,<1%
4712,MS,1,2111,<1%
4712,MS,2,2131,<1%
4712,FS,1,2123,81.8%
4712,FS,2,3112,18.2%
4713,IS,1,2111,4.3%
4713,IS,2,484,3.6%
4713,IS,3,2131,7.9%
4713,MS,1,2131,6.1%
4713,MS,2,2111,3.4%
4713,FS,1,2111,64.6%
4713,FS,2,2211,28.4%
4714,IS,1,311,1.6%
4714,IS,2,484,1.8%
4714,IS,3,321,1.9%
4714,MS,1,2131,<1%
4714,MS,2,325,<1%
4714,FS,1,3112,100.0%
4715,IS,1,311,<1%
4715,IS,2,2213,<1%
4715,IS,3,484,1.2%
4715,MS,1,2131,<1%
4715,MS,2,336,<1%
4715,FS,1,5622,97.2%
4715,FS,2,2213,2.8%
4716,IS,1,484,2.3%
4716,IS,2,2213,<1%
4716,IS,3,2111,<1%
4716,MS,1,2111,<1%
4716,MS,2,2131,<1%
4716,FS,1,2211,98.7%
4716,FS,2,5622,1.3%
4717,IS,1,2111,4.2%
4717,IS,2,484,3.4%
4717,IS,3,321,1.5%
4717,MS,1,2131,4.9%
4717,MS,2,2111,3.8%
4717,FS,1,2111,82.6%
4717,FS,2,2211,15.5%
4718,IS,1,2213,<1%
4718,IS,2,2122,4.5%
4718,IS,3,3311,<1%
4718,MS,1,2131,1.2%
4718,MS,2,2111,<1%
4718,FS,1,2122,100.0%
4801,IS,1,2111,1.8%
4801,IS,2,484,1.8%
4801,IS,3,1114,1.1%
4801,MS,1,2131,2.9%
4801,MS,2,2111,1.7%
4801,FS,1,3253,43.8%
4801,FS,2,2211,18.6%
4802,IS,1,311,6.7%
4802,IS,2,484,2.6%
4802,IS,3,2213,<1%
4802,MS,1,2131,1.6%
4802,MS,2,2111,<1%
4802,FS,1,2111,36.4%
4802,FS,2,3113,16.4%
4803,IS,1,311,1.5%
4803,IS,2,484,2.1%
4803,IS,3,2213,<1%
4803,MS,1,2111,<1%
4803,MS,2,2131,<1%
4803,FS,1,2111,94.3%
4803,FS,2,2211,5.7%
4804,IS,1,2111,5.1%
4804,IS,2,484,3.5%
4804,IS,3,2213,<1%
4804,MS,1,2111,3.5%
4804,MS,2,2131,3.5%
4804,FS,1,2211,94.7%
4804,FS,2,2111,5.1%
4805,IS,1,2111,2.0%
4805,IS,2,484,2.4%
4805,IS,3,311,1.4%
4805,MS,1,2131,2.2%
4805,MS,2,2111,1.8%
4805,FS,1,2211,39.5%
4805,FS,2,3253,39.1%
4806,IS,1,2111,3.3%
4806,IS,2,484,1.6%
4806,IS,3,311,<1%
4806,MS,1,2111,3.2%
4806,MS,2,2131,1.1%
4806,FS,1,2211,53.1%
4806,FS,2,2111,26.9%
4807,IS,1,2111,3.2%
4807,IS,2,484,2.2%
4807,IS,3,2211FF,<1%
4807,MS,1,2131,4.7%
4807,MS,2,2111,2.7%
4807,FS,1,2211,67.9%
4807,FS,2,2111,23.8%
4808,IS,1,311,2.2%
4808,IS,2,2111,1.9%
4808,IS,3,484,2.0%
4808,MS,1,2131,4.7%
4808,MS,2,2111,1.8%
4808,FS,1,3251,78.6%
4808,FS,2,2111,15.3%
4809,IS,1,2111,4.6%
4809,IS,2,3241,<1%
4809,IS,3,484,1.7%
4809,MS,1,2131,6.8%
4809,MS,2,2111,4.2%
4809,FS,1,2111,98.7%
4809,FS,2,5622,<1%
4810,IS,1,2111,3.3%
4810,IS,2,484,2.8%
4810,IS,3,3241,<1%
4810,MS,1,2131,4.1%
4810,MS,2,2111,3.0%
4810,FS,1,3112,28.0%
4810,FS,2,2111,23.5%
4811,IS,1,484,2.0%
4811,IS,2,2111,1.1%
4811,IS,3,3241,<1%
4811,MS,1,2131,1.5%
4811,MS,2,2111,1.1%
4811,FS,1,2211,47.9%
4811,FS,2,3241,15.6%
4812,IS,1,2111,6.4%
4812,IS,2,484,2.6%
4812,IS,3,2131,6.3%
4812,MS,1,2111,6.0%
4812,MS,2,2131,6.0%
4812,FS,1,2111,99.8%
4812,FS,2,3251,<1%
4813,IS,1,2111,3.3%
4813,IS,2,484,3.7%
4813,IS,3,322,1.9%
4813,MS,1,2131,3.4%
4813,MS,2,2111,2.9%
4813,FS,1,3221,73.7%
4813,FS,2,2111,8.9%
4814,IS,1,2111,5.5%
4814,IS,2,321,5.0%
4814,IS,3,484,3.4%
4814,MS,1,2111,5.3%
4814,MS,2,2131,4.5%
4814,FS,1,2111,85.8%
4814,FS,2,3221,7.3%
4815,IS,1,2111,<1%
4815,IS,2,2121,1.7%
4815,IS,3,311,<1%
4815,MS,1,2121,1.7%
4815,MS,2,2111,<1%
4815,FS,1,3273,74.3%
4815,FS,2,3279,10.6%
4816,IS,1,2111,23.8%
4816,IS,2,3241,<1%
4816,IS,3,2213,<1%
4816,MS,1,2111,23.7%
4816,MS,2,2131,4.7%
4816,FS,1,2111,95.6%
4816,FS,2,2211,4.2%
4817,IS,1,321,6.8%
4817,IS,2,484,3.5%
4817,IS,3,2111,2.2%
4817,MS,1,2131,3.4%
4817,MS,2,2111,2.0%
4817,FS,1,2111,60.1%
4817,FS,2,2211,23.2%
4818,IS,1,2111,5.4%
4818,IS,2,484,4.7%
4818,IS,3,321,3.1%
4818,MS,1,2131,6.4%
4818,MS,2,2111,5.0%
4818,FS,1,2111,85.2%
4818,FS,2,2211,13.5%
4819,IS,1,2111,3.3%
4819,IS,2,484,3.4%
4819,IS,3,2131,7.2%
4819,MS,1,2131,6.8%
4819,MS,2,2111,3.1%
4819,FS,1,2111,71.8%
4819,FS,2,2211,21.9%
5901,IS,1,2121,7.9%
5901,IS,2,2111,1.2%
5901,IS,3,484,1.5%
5901,MS,1,2121,7.8%
5901,MS,2,2111,1.1%
5901,FS,1,2121,81.6%
5901,FS,2,4862,15.8%
5903,IS,1,3311,1.3%
5903,IS,2,113,2.2%
5903,IS,3,321,2.4%
5903,MS,1,2121,<1%
5903,MS,2,2131,<1%
5903,FS,1,3221,100.0%
5905,IS,1,3311,6.2%
5905,IS,2,321,2.4%
5905,IS,3,484,1.2%
5905,MS,1,2131,<1%
5905,MS,2,2121,<1%
5905,FS,1,3314,97.1%
5905,FS,2,3211,2.9%
5907,IS,1,321,2.0%
5907,IS,2,2213,<1%
5907,IS,3,484,1.2%
5907,MS,1,336,<1%
5907,MS,2,2131,<1%
5907,FS,1,2122,83.1%
5907,FS,2,3211,16.9%
5909,IS,1,484,3.7%
5909,IS,2,311,2.1%
5909,IS,3,1114,1.5%
5909,MS,1,336,<1%
5909,MS,2,325,<1%
5909,FS,1,5622,100.0%
5915,IS,1,311,1.2%
5915,IS,2,484,1.3%
5915,IS,3,238,4.8%
5915,MS,1,336,<1%
5915,MS,2,325,<1%
5915,FS,1,3273,50.4%
5915,FS,2,3241,17.3%
5917,IS,1,483,<1%
5917,IS,2,2213,<1%
5917,IS,3,311,<1%
5917,MS,1,336,<1%
5917,MS,2,325,<1%
5917,FS,1,5622,81.3%
5917,FS,2,9111,18.7%
5919,IS,1,483,<1%
5919,IS,2,113,1.6%
5919,IS,3,322,1.2%
5919,MS,1,336,<1%
5919,MS,2,2111,<1%
5919,FS,1,3221,93.0%
5919,FS,2,3211,7.0%
5921,IS,1,483,1.1%
5921,IS,2,1125,<1%
5921,IS,3,484,1.1%
5921,MS,1,2111,<1%
5921,MS,2,2131,<1%
5921,FS,1,3221,76.0%
5921,FS,2,5622,24.0%
5923,IS,1,1125,<1%
5923,IS,2,311,1.6%
5923,IS,3,113,2.0%
5923,MS,1,336,<1%
5923,MS,2,2131,<1%
5923,FS,1,3221,100.0%
5924,IS,1,1125,2.4%
5924,IS,2,113,4.0%
5924,IS,3,483,<1%
5924,MS,1,2111,<1%
5924,MS,2,2131,<1%
5924,FS,1,2211,79.4%
5924,FS,2,5622,15.7%
5926,IS,1,1125,<1%
5926,IS,2,483,<1%
5926,IS,3,113,1.2%
5926,MS,1,2111,<1%
5926,MS,2,2131,<1%
5926,FS,1,5622,100.0%
5927,IS,1,483,1.5%
5927,IS,2,1125,<1%
5927,IS,3,322,3.1%
5927,MS,1,2111,<1%
5927,MS,2,336,<1%
5927,FS,1,3221,100.0%
5929,IS,1,483,1.4%
5929,IS,2,322,2.2%
5929,IS,3,238,7.2%
5929,MS,1,2111,<1%
5929,MS,2,2131,<1%
5929,FS,1,3221,81.4%
5929,FS,2,5622,18.6%
5931,IS,1,2213,<1%
5931,IS,2,238,6.6%
5931,IS,3,236,4.4%
5931,MS,1,2131,<1%
5931,MS,2,2111,<1%
5933,IS,1,484,1.8%
5933,IS,2,321,1.9%
5933,IS,3,113,1.0%
5933,MS,1,2131,<1%
5933,MS,2,2111,<1%
5933,FS,1,2122,49.7%
5933,FS,2,3221,28.0%
5935,IS,1,238,6.7%
5935,IS,2,484,<1%
5935,IS,3,311,<1%
5935,MS,1,2111,<1%
5935,MS,2,2131,<1%
5937,IS,1,321,3.0%
5937,IS,2,311,<1%
5937,IS,3,484,1.4%
5937,MS,1,2131,<1%
5937,MS,2,2111,<1%
5937,FS,1,5622,48.8%
5937,FS,2,3219,24.4%
5939,IS,1,321,3.9%
5939,IS,2,113,1.5%
5939,IS,3,311,<1%
5939,MS,1,2131,<1%
5939,MS,2,2111,<1%
5939,FS,1,3212,100.0%
5941,IS,1,321,8.3%
5941,IS,2,113,4.1%
5941,IS,3,484,1.9%
5941,MS,1,2131,<1%
5941,MS,2,2111,<1%
5941,FS,1,3221,49.6%
5941,FS,2,2122,24.5%
5943,IS,1,113,9.4%
5943,IS,2,1125,1.4%
5943,IS,3,483,1.2%
5943,MS,1,2111,<1%
5943,MS,2,2131,<1%
5945,IS,1,483,<1%
5945,IS,2,113,1.9%
5945,IS,3,311,<1%
5945,MS,1,2111,0
5945,MS,2,2121,0
5947,IS,1,483,1.1%
5947,IS,2,484,1.7%
5947,IS,3,113,1.7%
5947,MS,1,2111,<1%
5947,MS,2,2121,<1%
5947,FS,1,2111,52.0%
5947,FS,2,2211,48.0%
5949,IS,1,3313,4.9%
5949,IS,2,113,1.5%
5949,IS,3,484,1.4%
5949,MS,1,2131,<1%
5949,MS,2,2111,<1%
5949,FS,1,3313,81.2%
5949,FS,2,2122,18.8%
5951,IS,1,321,9.5%
5951,IS,2,113,6.5%
5951,IS,3,484,1.9%
5951,MS,1,2131,1.0%
5951,MS,2,2111,<1%
5951,FS,1,2122,85.2%
5951,FS,2,3219,14.8%
5953,IS,1,321,3.5%
5953,IS,2,484,2.8%
5953,IS,3,322,2.3%
5953,MS,1,2131,<1%
5953,MS,2,3241,<1%
5953,FS,1,3211,39.4%
5953,FS,2,4862,37.6%
5955,IS,1,2111,4.4%
5955,IS,2,484,3.4%
5955,IS,3,321,2.5%
5955,MS,1,2131,5.3%
5955,MS,2,2111,4.2%
5955,FS,1,2111,83.2%
5955,FS,2,2211,9.2%
5957,IS,1,484,2.8%
5957,IS,2,237,8.5%
5957,IS,3,2122,4.2%
5957,MS,1,2131,2.8%
5957,MS,2,2111,0
5959,IS,1,2111,5.6%
5959,IS,2,484,4.4%
5959,IS,3,2213,<1%
5959,MS,1,2111,5.5%
5959,MS,2,2131,1.4%
5959,FS,1,2111,85.2%
5959,FS,2,2211,14.8%
6001,IS,1,481,1.2%
6001,IS,2,2213,<1%
6001,IS,3,484,<1%
6001,MS,1,2131,1.1%
6001,MS,2,2111,<1%
6001,FS,1,2122,66.8%
6001,FS,2,2211,33.2%
6101,IS,1,2213,<1%
6101,IS,2,484,1.1%
6101,IS,3,238,6.0%
6101,MS,1,2131,<1%
6101,MS,2,2111,0
6101,FS,1,2211,100.0%
6102,IS,1,481,4.4%
6102,IS,2,2213,<1%
6102,IS,3,2111,1.3%
6102,MS,1,2111,1.3%
6102,MS,2,2131,<1%
6102,FS,1,2111,100.0%
6103,IS,1,2213,<1%
6103,IS,2,2123,7.3%
6103,IS,3,2111,<1%
6103,MS,1,2111,<1%
6103,MS,2,2121,0
6104,IS,1,481,1.1%
6104,IS,2,562,<1%
6104,IS,3,484,1.1%
6104,MS,1,2111,<1%
6104,MS,2,2121,0
6105,IS,1,2211FF,2.7%
6105,IS,2,2213,<1%
6105,IS,3,481,1.5%
6105,MS,1,2111,<1%
6105,MS,2,2131,<1%
6106,IS,1,481,3.6%
6106,IS,2,2123,3.3%
6106,IS,3,484,<1%
6106,MS,1,2131,<1%
6106,MS,2,2111,<1%
6106,FS,1,2123,100.0%
6204,IS,1,2213,1.0%
6204,IS,2,481,1.8%
6204,IS,3,2211FF,<1%
6204,MS,1,2111,<1%
6204,MS,2,336,<1%
6204,FS,1,2122,100.0%
6205,IS,1,2213,1.1%
6205,IS,2,2211FF,1.7%
6205,IS,3,481,1.3%
6205,MS,1,2111,<1%
6205,MS,2,2131,<1%
6205,FS,1,2122,100.0%
6208,IS,1,2213,1.7%
6208,IS,2,481,1.5%
6208,IS,3,311,<1%
6208,MS,1,2131,<1%
6208,MS,2,2111,0
6208,FS,1,2122,100.0%
